rule_id,variable_key,mechanism_id,role,activation_mode,direction,effect_direction,weight,severity_mode,requires_fasting,sex_scope,context_gate,is_enabled,notes,fuerza,especificidad
VM001,glucose_mg_dl,insulinorresistencia,primary_driver,high,positive,positive,0.86,direct_score,1,all,,1,[runtime_alineado] activation_mode=high; severity_mode=direct_score; threshold_mecanismo=45. Fuerza=alta; Especificidad=media. Glucosa en ayunas alta sugiere resistencia hepática a la insulina o descontrol glucémico incipiente. Aviso rama alta: Muy alta: refuerza insulinorresistencia/disglucemia y obliga a valorar diabetes franca.,alta,media
VM002,hba1c_pct,insulinorresistencia,primary_driver,high,positive,positive,0.86,direct_score,0,all,,1,[runtime_alineado] activation_mode=high; severity_mode=direct_score; threshold_mecanismo=45. Fuerza=alta; Especificidad=media. HbA1c alta resume exposición glucémica crónica asociada a insulinorresistencia. Aviso rama alta: Muy alta: aumenta mucho el peso del mecanismo y la prioridad clínica.,alta,media
VM003,insulin_uIU_ml,insulinorresistencia,primary_driver,high,positive,positive,0.86,direct_score,1,all,,1,[runtime_alineado] activation_mode=high; severity_mode=direct_score; threshold_mecanismo=45. Fuerza=alta; Especificidad=media. Insulina alta en ayunas es una señal directa de compensación hiperinsulinémica. Aviso rama alta: Muy alta: señal fuerte de compensación; priorizar contexto de adiposidad central.,alta,media
VM004,triglycerides_mg_dl,insulinorresistencia,primary_driver,high,positive,positive,0.86,direct_score,1,all,,1,[runtime_alineado] activation_mode=high; severity_mode=direct_score; threshold_mecanismo=45. Fuerza=alta; Especificidad=media. TG altos son un acompañante clásico del patrón insulinorresistente. Aviso rama alta: Muy altos: refuerzan el mecanismo y elevan prioridad metabólica.,alta,media
VM005,hdl_mg_dl,insulinorresistencia,supporting_driver,low,positive,positive,0.48,direct_score,1,all,,1,[runtime_alineado] activation_mode=low; severity_mode=direct_score; threshold_mecanismo=45. Fuerza=media; Especificidad=media. HDL bajo acompaña con frecuencia la insulinorresistencia. Aviso rama baja: Muy bajo: refuerza el patrón cardiometabólico.,media,media
VM006,alt_u_l,insulinorresistencia,contextual_support,high,positive,positive,0.17,direct_score,0,all,,1,[runtime_alineado] activation_mode=high; severity_mode=direct_score; threshold_mecanismo=45. Fuerza=baja; Especificidad=baja. ALT alta puede acompañar hígado graso/metabolismo hepático alterado asociado a insulinorresistencia. Aviso rama alta: Muy alta: priorizar carga hepática además de insulinorresistencia.,baja,baja
VM007,uric_acid_mg_dl,insulinorresistencia,supporting_driver,high,positive,positive,0.37,direct_score,0,all,,1,[runtime_alineado] activation_mode=high; severity_mode=direct_score; threshold_mecanismo=45. Fuerza=media; Especificidad=baja. La hiperuricemia es frecuente en terreno insulinorresistente. Aviso rama alta: Muy alta: apoya terreno metabólico y posible infraexcreción renal.,media,baja
VM008,bmi_kg_m2,insulinorresistencia,supporting_driver,high,positive,positive,0.37,direct_score,0,all,,1,[runtime_alineado] activation_mode=high; severity_mode=direct_score; threshold_mecanismo=45. Fuerza=media; Especificidad=baja. BMI alto apoya el mecanismo pero con menor especificidad que la cintura. Aviso rama alta: Muy alto: apoya insulinorresistencia pero necesita cintura/analítica para ganar especificidad.,media,baja
VM009,waist_cm,insulinorresistencia,primary_driver,high,positive,positive,0.86,direct_score,0,all,,1,[runtime_alineado] activation_mode=high; severity_mode=direct_score; threshold_mecanismo=45. Fuerza=alta; Especificidad=media. La adiposidad central es uno de los mejores apoyos contextuales del mecanismo. Aviso rama alta: Muy alta: refuerza fuertemente el mecanismo.,alta,media
VM010,apob_mg_dl,insulinorresistencia,supporting_driver,high,positive,positive,0.37,direct_score,0,all,,1,[runtime_alineado] activation_mode=high; severity_mode=direct_score; threshold_mecanismo=45. Fuerza=media; Especificidad=baja. ApoB puede elevarse en contextos de sobreproducción hepática asociada a insulinorresistencia. Aviso rama alta: Muy alta: refuerza el componente cardiometabólico asociado.,media,baja
VM011,glucose_mg_dl,disfuncion_glucidica,primary_driver,low,positive,positive,0.95,direct_score,1,all,,1,[runtime_alineado] activation_mode=low; severity_mode=direct_score; threshold_mecanismo=40. Rama baja de asociación bidireccional. Fuerza=alta; Especificidad=alta. La glucosa alterada por arriba o por abajo refleja pérdida de homeostasis glucémica. Aviso rama baja: Muy baja: priorizar hipoglucemia y causas específicas.,alta,alta
VM012,glucose_mg_dl,disfuncion_glucidica,primary_driver,high,positive,positive,0.95,direct_score,1,all,,1,[runtime_alineado] activation_mode=high; severity_mode=direct_score; threshold_mecanismo=40. Rama alta de asociación bidireccional. Fuerza=alta; Especificidad=alta. La glucosa alterada por arriba o por abajo refleja pérdida de homeostasis glucémica. Aviso rama alta: Muy alta: criterio operativo fuerte de disfunción glucídica.,alta,alta
VM013,hba1c_pct,disfuncion_glucidica,primary_driver,low,positive,positive,0.95,direct_score,0,all,,1,[runtime_alineado] activation_mode=low; severity_mode=direct_score; threshold_mecanismo=40. Rama baja de asociación bidireccional. Fuerza=alta; Especificidad=alta. HbA1c capta disglucemia crónica; valores muy bajos también pueden sugerir interferencias o recambio eritrocitario. Aviso rama baja: Muy baja: revisar si es fisiológica o artefactual.,alta,alta
VM014,hba1c_pct,disfuncion_glucidica,primary_driver,high,positive,positive,0.95,direct_score,0,all,,1,[runtime_alineado] activation_mode=high; severity_mode=direct_score; threshold_mecanismo=40. Rama alta de asociación bidireccional. Fuerza=alta; Especificidad=alta. HbA1c capta disglucemia crónica; valores muy bajos también pueden sugerir interferencias o recambio eritrocitario. Aviso rama alta: Muy alta: aumenta mucho la prioridad clínica.,alta,alta
VM015,insulin_uIU_ml,disfuncion_glucidica,supporting_driver,low,positive,positive,0.43,direct_score,1,all,,1,"[runtime_alineado] activation_mode=low; severity_mode=direct_score; threshold_mecanismo=40. Rama baja de asociación bidireccional. Fuerza=media; Especificidad=media. Insulina alta sugiere compensación; muy baja con glucosa alta apunta a menor reserva beta. Aviso rama baja: Muy baja: si coexiste con glucosa alta, pensar en déficit secretor.",media,media
VM016,insulin_uIU_ml,disfuncion_glucidica,supporting_driver,high,positive,positive,0.43,direct_score,1,all,,1,[runtime_alineado] activation_mode=high; severity_mode=direct_score; threshold_mecanismo=40. Rama alta de asociación bidireccional. Fuerza=media; Especificidad=media. Insulina alta sugiere compensación; muy baja con glucosa alta apunta a menor reserva beta. Aviso rama alta: Muy alta: sugiere sobrecarga compensatoria.,media,media
VM017,triglycerides_mg_dl,disfuncion_glucidica,contextual_support,high,positive,positive,0.17,direct_score,1,all,,1,[runtime_alineado] activation_mode=high; severity_mode=direct_score; threshold_mecanismo=40. Fuerza=baja; Especificidad=baja. TG altos acompañan con frecuencia la disglucemia. Aviso rama alta: Muy altos: refuerzan terreno metabólico.,baja,baja
VM018,waist_cm,disfuncion_glucidica,supporting_driver,high,positive,positive,0.37,direct_score,0,all,,1,[runtime_alineado] activation_mode=high; severity_mode=direct_score; threshold_mecanismo=40. Fuerza=media; Especificidad=baja. La adiposidad central apoya el contexto de disfunción glucídica. Aviso rama alta: Muy alta: refuerza el patrón.,media,baja
VM019,uacr_mg_g,disfuncion_glucidica,contextual_support,high,positive,positive,0.17,direct_score,0,all,,1,[runtime_alineado] activation_mode=high; severity_mode=direct_score; threshold_mecanismo=40. Fuerza=baja; Especificidad=baja. UACR alto puede reflejar impacto microvascular/metabólico ya establecido. Aviso rama alta: Muy alto: sugiere daño renal/metabólico concomitante.,baja,baja
VM020,insulin_uIU_ml,dislipidemia_aterogenica,contextual_support,high,positive,positive,0.17,direct_score,1,all,,1,[runtime_alineado] activation_mode=high; severity_mode=direct_score; threshold_mecanismo=45. Fuerza=baja; Especificidad=baja. La hiperinsulinemia apoya el terreno de base. Aviso rama alta: Muy alta: refuerza el patrón metabólico de fondo.,baja,baja
VM021,triglycerides_mg_dl,dislipidemia_aterogenica,primary_driver,high,positive,positive,1.0,direct_score,1,all,,1,[runtime_alineado] activation_mode=high; severity_mode=direct_score; threshold_mecanismo=45. Fuerza=alta; Especificidad=alta. Marcador central del patrón aterogénico por enriquecimiento de TG. Aviso rama alta: Muy altos: refuerzan claramente el mecanismo.,alta,alta
VM022,ldl_mg_dl,dislipidemia_aterogenica,supporting_driver,high,positive,positive,0.48,direct_score,1,all,,1,"[runtime_alineado] activation_mode=high; severity_mode=direct_score; threshold_mecanismo=45. Fuerza=media; Especificidad=media. LDL alto añade carga lipídica, aunque no define por sí solo el patrón TG/HDL/ApoB. Aviso rama alta: Muy alto: aumenta riesgo y complejidad del patrón.",media,media
VM023,hdl_mg_dl,dislipidemia_aterogenica,primary_driver,low,positive,positive,0.86,direct_score,1,all,,1,[runtime_alineado] activation_mode=low; severity_mode=direct_score; threshold_mecanismo=45. Fuerza=alta; Especificidad=media. HDL bajo es componente clásico del patrón aterogénico insulinorresistente. Aviso rama baja: Muy bajo: refuerza mucho el mecanismo.,alta,media
VM024,chol_total_mg_dl,dislipidemia_aterogenica,contextual_support,high,positive,positive,0.17,direct_score,1,all,,1,[runtime_alineado] activation_mode=high; severity_mode=direct_score; threshold_mecanismo=45. Fuerza=baja; Especificidad=baja. Colesterol total es una señal poco específica. Aviso rama alta: Muy alto: contextualiza pero no define el patrón.,baja,baja
VM025,waist_cm,dislipidemia_aterogenica,supporting_driver,high,positive,positive,0.37,direct_score,0,all,,1,[runtime_alineado] activation_mode=high; severity_mode=direct_score; threshold_mecanismo=45. Fuerza=media; Especificidad=baja. La cintura alta apoya el fenotipo metabólico asociado. Aviso rama alta: Muy alta: refuerza el fenotipo.,media,baja
VM026,apob_mg_dl,dislipidemia_aterogenica,primary_driver,high,positive,positive,1.0,direct_score,0,all,,1,[runtime_alineado] activation_mode=high; severity_mode=direct_score; threshold_mecanismo=45. Fuerza=alta; Especificidad=alta. ApoB alto aproxima carga de partículas aterogénicas. Aviso rama alta: Muy alto: prioriza riesgo aterogénico.,alta,alta
VM027,lpa_nmol_l,dislipidemia_aterogenica,primary_driver,high,positive,positive,0.82,direct_score,0,all,,1,"[runtime_alineado] activation_mode=high; severity_mode=direct_score; threshold_mecanismo=45. Fuerza=media; Especificidad=alta. Lp(a) alta añade riesgo aterotrombótico, aunque no es el núcleo del patrón TG/HDL. Aviso rama alta: Muy alta: eleva el riesgo cardiovascular aun si TG/HDL no son extremos.",media,alta
VM028,glucose_mg_dl,riesgo_cardiometabolico_global,supporting_driver,high,positive,positive,0.34,direct_score,1,all,,1,[runtime_alineado] activation_mode=high; severity_mode=direct_score; threshold_mecanismo=65. Fuerza=media; Especificidad=baja. Glucosa alta añade carga glucémica al riesgo. Aviso rama alta: Muy alta: aumenta prioridad clínica.,media,baja
VM029,hba1c_pct,riesgo_cardiometabolico_global,supporting_driver,high,positive,positive,0.34,direct_score,0,all,,1,[runtime_alineado] activation_mode=high; severity_mode=direct_score; threshold_mecanismo=65. Fuerza=media; Especificidad=baja. HbA1c alta refleja carga glucémica crónica. Aviso rama alta: Muy alta: eleva prioridad del patrón.,media,baja
VM030,triglycerides_mg_dl,riesgo_cardiometabolico_global,supporting_driver,high,positive,positive,0.44,direct_score,1,all,,1,[runtime_alineado] activation_mode=high; severity_mode=direct_score; threshold_mecanismo=65. Fuerza=media; Especificidad=media. TG altos señalan componente metabólico-aterogénico. Aviso rama alta: Muy altos: refuerzan mucho el componente metabólico.,media,media
VM031,ldl_mg_dl,riesgo_cardiometabolico_global,supporting_driver,high,positive,positive,0.44,direct_score,1,all,,1,[runtime_alineado] activation_mode=high; severity_mode=direct_score; threshold_mecanismo=65. Fuerza=media; Especificidad=media. LDL alto suma carga aterogénica. Aviso rama alta: Muy alto: eleva prioridad del patrón.,media,media
VM032,hdl_mg_dl,riesgo_cardiometabolico_global,supporting_driver,low,positive,positive,0.34,direct_score,1,all,,1,[runtime_alineado] activation_mode=low; severity_mode=direct_score; threshold_mecanismo=65. Fuerza=media; Especificidad=baja. HDL bajo acompaña el riesgo cardiometabólico global. Aviso rama baja: Muy bajo: empeora el perfil.,media,baja
VM033,hscrp_mg_l,riesgo_cardiometabolico_global,supporting_driver,high,positive,positive,0.34,direct_score,0,all,,1,[runtime_alineado] activation_mode=high; severity_mode=direct_score; threshold_mecanismo=65. Fuerza=media; Especificidad=baja. PCR alta añade componente inflamatorio al riesgo. Aviso rama alta: Muy alta: refuerza el patrón de riesgo.,media,baja
VM034,uric_acid_mg_dl,riesgo_cardiometabolico_global,contextual_support,high,positive,positive,0.16,direct_score,0,all,,1,[runtime_alineado] activation_mode=high; severity_mode=direct_score; threshold_mecanismo=65. Fuerza=baja; Especificidad=baja. La hiperuricemia se asocia con frecuencia a mayor riesgo cardiometabólico. Aviso rama alta: Muy alta: añade peso metabólico indirecto.,baja,baja
VM035,bmi_kg_m2,riesgo_cardiometabolico_global,contextual_support,high,positive,positive,0.16,direct_score,0,all,,1,"[runtime_alineado] activation_mode=high; severity_mode=direct_score; threshold_mecanismo=65. Fuerza=baja; Especificidad=baja. BMI alto aporta contexto, pero es menos específico. Aviso rama alta: Muy alto: apoya riesgo pero sin buena especificidad.",baja,baja
VM036,waist_cm,riesgo_cardiometabolico_global,supporting_driver,high,positive,positive,0.34,direct_score,0,all,,1,[runtime_alineado] activation_mode=high; severity_mode=direct_score; threshold_mecanismo=65. Fuerza=media; Especificidad=baja. La cintura alta integra adiposidad visceral. Aviso rama alta: Muy alta: refuerza el riesgo cardiometabólico.,media,baja
VM037,uacr_mg_g,riesgo_cardiometabolico_global,contextual_support,high,positive,positive,0.21,direct_score,0,all,,1,[runtime_alineado] activation_mode=high; severity_mode=direct_score; threshold_mecanismo=65. Fuerza=baja; Especificidad=media. UACR alto puede señalar daño microvascular asociado al riesgo. Aviso rama alta: Muy alto: aumenta la prioridad del patrón de riesgo.,baja,media
VM038,apob_mg_dl,riesgo_cardiometabolico_global,primary_driver,high,positive,positive,0.97,direct_score,0,all,,1,[runtime_alineado] activation_mode=high; severity_mode=direct_score; threshold_mecanismo=65. Fuerza=alta; Especificidad=alta. ApoB alto es uno de los mejores integradores de carga aterogénica. Aviso rama alta: Muy alto: prioriza riesgo cardiovascular.,alta,alta
VM039,lpa_nmol_l,riesgo_cardiometabolico_global,primary_driver,high,positive,positive,0.75,direct_score,0,all,,1,[runtime_alineado] activation_mode=high; severity_mode=direct_score; threshold_mecanismo=65. Fuerza=media; Especificidad=alta. Lp(a) añade riesgo residual y especificidad cardiovascular. Aviso rama alta: Muy alta: aumenta el riesgo aunque otros marcadores sean discretos.,media,alta
VM040,insulin_uIU_ml,carga_hiperuricemica,contextual_support,high,positive,positive,0.17,direct_score,1,all,,1,[runtime_alineado] activation_mode=high; severity_mode=direct_score; threshold_mecanismo=45. Fuerza=baja; Especificidad=baja. La hiperinsulinemia puede reducir excreción de urato. Aviso rama alta: Muy alta: apoya el vínculo metabólico.,baja,baja
VM041,triglycerides_mg_dl,carga_hiperuricemica,contextual_support,high,positive,positive,0.17,direct_score,1,all,,1,[runtime_alineado] activation_mode=high; severity_mode=direct_score; threshold_mecanismo=45. Fuerza=baja; Especificidad=baja. TG altos acompañan con frecuencia el terreno hiperuricémico. Aviso rama alta: Muy altos: refuerzan el contexto metabólico.,baja,baja
VM042,creatinine_mg_dl,carga_hiperuricemica,contextual_support,high,positive,positive,0.17,direct_score,0,all,,1,[runtime_alineado] activation_mode=high; severity_mode=direct_score; threshold_mecanismo=45. Fuerza=baja; Especificidad=baja. Creatinina alta puede apoyar infraexcreción renal asociada. Aviso rama alta: Muy alta: obliga a considerar seguridad renal además de urato.,baja,baja
VM043,egfr_ml_min_1_73m2,carga_hiperuricemica,supporting_driver,low,positive,positive,0.48,direct_score,0,all,,1,[runtime_alineado] activation_mode=low; severity_mode=direct_score; threshold_mecanismo=45. Fuerza=media; Especificidad=media. Menor filtrado favorece retención de ácido úrico. Aviso rama baja: Muy baja: sugiere infraexcreción renal relevante.,media,media
VM044,uric_acid_mg_dl,carga_hiperuricemica,primary_driver,high,positive,positive,1.0,direct_score,0,all,,1,[runtime_alineado] activation_mode=high; severity_mode=direct_score; threshold_mecanismo=45. Fuerza=alta; Especificidad=alta. Marcador central del mecanismo. Aviso rama alta: Muy alta: define el patrón y eleva prioridad clínica.,alta,alta
VM045,urea_mg_dl,carga_hiperuricemica,contextual_support,high,positive,positive,0.17,direct_score,0,all,,1,"[runtime_alineado] activation_mode=high; severity_mode=direct_score; threshold_mecanismo=45. Fuerza=baja; Especificidad=baja. Urea alta puede acompañar contracción de volumen o carga nitrogenada, modulando urato. Aviso rama alta: Muy alta: revisar deshidratación y catabolismo además del urato.",baja,baja
VM046,waist_cm,carga_hiperuricemica,contextual_support,high,positive,positive,0.17,direct_score,0,all,,1,[runtime_alineado] activation_mode=high; severity_mode=direct_score; threshold_mecanismo=45. Fuerza=baja; Especificidad=baja. La adiposidad central apoya el contexto metabólico del urato. Aviso rama alta: Muy alta: refuerza contexto.,baja,baja
VM047,glucose_mg_dl,sindrome_metabolico_patron,primary_driver,high,positive,positive,0.97,direct_score,1,all,,1,[runtime_alineado] activation_mode=high; severity_mode=direct_score; threshold_mecanismo=65. Fuerza=alta; Especificidad=alta. Glucosa alta en ayunas forma parte del patrón. Aviso rama alta: Muy alta: aumenta mucho la prioridad clínica.,alta,alta
VM048,hba1c_pct,sindrome_metabolico_patron,supporting_driver,high,positive,positive,0.44,direct_score,0,all,,1,[runtime_alineado] activation_mode=high; severity_mode=direct_score; threshold_mecanismo=65. Fuerza=media; Especificidad=media. Añade carga glucémica crónica al patrón. Aviso rama alta: Muy alta: refuerza la dimensión glucídica.,media,media
VM049,insulin_uIU_ml,sindrome_metabolico_patron,supporting_driver,high,positive,positive,0.44,direct_score,1,all,,1,[runtime_alineado] activation_mode=high; severity_mode=direct_score; threshold_mecanismo=65. Fuerza=media; Especificidad=media. La hiperinsulinemia apoya la base fisiopatológica del patrón. Aviso rama alta: Muy alta: refuerza el patrón.,media,media
VM050,triglycerides_mg_dl,sindrome_metabolico_patron,primary_driver,high,positive,positive,0.97,direct_score,1,all,,1,[runtime_alineado] activation_mode=high; severity_mode=direct_score; threshold_mecanismo=65. Fuerza=alta; Especificidad=alta. TG altos forman parte del patrón clásico. Aviso rama alta: Muy altos: refuerzan claramente el síndrome metabólico.,alta,alta
VM051,hdl_mg_dl,sindrome_metabolico_patron,primary_driver,low,positive,positive,0.97,direct_score,1,all,,1,[runtime_alineado] activation_mode=low; severity_mode=direct_score; threshold_mecanismo=65. Fuerza=alta; Especificidad=alta. HDL bajo es componente clásico. Aviso rama baja: Muy bajo: refuerza el patrón.,alta,alta
VM052,hscrp_mg_l,sindrome_metabolico_patron,contextual_support,high,positive,positive,0.16,direct_score,0,all,,1,[runtime_alineado] activation_mode=high; severity_mode=direct_score; threshold_mecanismo=65. Fuerza=baja; Especificidad=baja. Puede acompañar inflamación de bajo grado del síndrome metabólico. Aviso rama alta: Muy alta: añadir componente inflamatorio.,baja,baja
VM053,bmi_kg_m2,sindrome_metabolico_patron,supporting_driver,high,positive,positive,0.34,direct_score,0,all,,1,"[runtime_alineado] activation_mode=high; severity_mode=direct_score; threshold_mecanismo=65. Fuerza=media; Especificidad=baja. Apoya el fenotipo adiposo, menos específico que cintura. Aviso rama alta: Muy alto: refuerza fenotipo adiposo.",media,baja
VM054,waist_cm,sindrome_metabolico_patron,primary_driver,high,positive,positive,0.97,direct_score,0,all,,1,[runtime_alineado] activation_mode=high; severity_mode=direct_score; threshold_mecanismo=65. Fuerza=alta; Especificidad=alta. La cintura es el mejor eje antropométrico del patrón. Aviso rama alta: Muy alta: refuerza mucho el patrón.,alta,alta
VM055,glucose_mg_dl,carga_pancreatica_glucidica,primary_driver,high,positive,positive,0.86,direct_score,1,all,,1,[runtime_alineado] activation_mode=high; severity_mode=direct_score; threshold_mecanismo=45. Fuerza=alta; Especificidad=media. Glucosa alta indica que la carga supera la capacidad de compensación. Aviso rama alta: Muy alta: aumenta prioridad clínica.,alta,media
VM056,hba1c_pct,carga_pancreatica_glucidica,supporting_driver,high,positive,positive,0.48,direct_score,0,all,,1,[runtime_alineado] activation_mode=high; severity_mode=direct_score; threshold_mecanismo=45. Fuerza=media; Especificidad=media. HbA1c alta refleja sobrecarga sostenida. Aviso rama alta: Muy alta: evidencia carga crónica.,media,media
VM057,insulin_uIU_ml,carga_pancreatica_glucidica,primary_driver,low,positive,positive,0.81,direct_score,1,all,,1,"[runtime_alineado] activation_mode=low; severity_mode=direct_score; threshold_mecanismo=45. Rama baja de asociación bidireccional. Fuerza=alta; Especificidad=media. Insulina alta sugiere compensación pancreática; baja con glucosa alta sugiere reserva beta insuficiente. Aviso rama baja: Muy baja: si la glucosa está alta, pensar en agotamiento secretor.",alta,media
VM058,insulin_uIU_ml,carga_pancreatica_glucidica,primary_driver,high,positive,positive,0.81,direct_score,1,all,,1,[runtime_alineado] activation_mode=high; severity_mode=direct_score; threshold_mecanismo=45. Rama alta de asociación bidireccional. Fuerza=alta; Especificidad=media. Insulina alta sugiere compensación pancreática; baja con glucosa alta sugiere reserva beta insuficiente. Aviso rama alta: Muy alta: refuerza sobrecarga compensatoria.,alta,media
VM059,triglycerides_mg_dl,carga_pancreatica_glucidica,supporting_driver,high,positive,positive,0.37,direct_score,1,all,,1,[runtime_alineado] activation_mode=high; severity_mode=direct_score; threshold_mecanismo=45. Fuerza=media; Especificidad=baja. TG altos apoyan el terreno metabólico de sobrecarga pancreática. Aviso rama alta: Muy altos: refuerzan el terreno.,media,baja
VM060,waist_cm,carga_pancreatica_glucidica,supporting_driver,high,positive,positive,0.37,direct_score,0,all,,1,[runtime_alineado] activation_mode=high; severity_mode=direct_score; threshold_mecanismo=45. Fuerza=media; Especificidad=baja. La adiposidad central apoya resistencia y sobrecarga secretora. Aviso rama alta: Muy alta: refuerza el mecanismo.,media,baja
VM061,triglycerides_mg_dl,estado_purinico,contextual_support,high,positive,positive,0.15,direct_score,1,all,,1,[runtime_alineado] activation_mode=high; severity_mode=direct_score; threshold_mecanismo=55. UMBRAL_ALTO: Concepto paraguas menos específico que carga hiperuricémica. Fuerza=baja; Especificidad=baja. Acompaña con frecuencia el terreno purínico-metabólico. Aviso rama alta: Muy altos: refuerzan el contexto.,baja,baja
VM062,creatinine_mg_dl,estado_purinico,contextual_support,high,positive,positive,0.15,direct_score,0,all,,1,[runtime_alineado] activation_mode=high; severity_mode=direct_score; threshold_mecanismo=55. UMBRAL_ALTO: Concepto paraguas menos específico que carga hiperuricémica. Fuerza=baja; Especificidad=baja. Creatinina alta puede apoyar infraexcreción renal. Aviso rama alta: Muy alta: revisar seguridad renal.,baja,baja
VM063,egfr_ml_min_1_73m2,estado_purinico,supporting_driver,low,positive,positive,0.44,direct_score,0,all,,1,[runtime_alineado] activation_mode=low; severity_mode=direct_score; threshold_mecanismo=55. UMBRAL_ALTO: Concepto paraguas menos específico que carga hiperuricémica. Fuerza=media; Especificidad=media. Menor filtrado modifica el estado purínico por infraexcreción. Aviso rama baja: Muy baja: priorizar componente renal.,media,media
VM064,uric_acid_mg_dl,estado_purinico,primary_driver,low,positive,positive,0.9,direct_score,0,all,,1,"[runtime_alineado] activation_mode=low; severity_mode=direct_score; threshold_mecanismo=55. UMBRAL_ALTO: Concepto paraguas menos específico que carga hiperuricémica. Rama baja de asociación bidireccional. Fuerza=alta; Especificidad=alta. El urato es el eje central del estado purínico; el extremo alto tiene mayor interés operativo. Aviso rama baja: Muy baja: revisar fármacos, dieta extrema o situaciones poco frecuentes.",alta,alta
VM065,uric_acid_mg_dl,estado_purinico,primary_driver,high,positive,positive,0.9,direct_score,0,all,,1,[runtime_alineado] activation_mode=high; severity_mode=direct_score; threshold_mecanismo=55. UMBRAL_ALTO: Concepto paraguas menos específico que carga hiperuricémica. Rama alta de asociación bidireccional. Fuerza=alta; Especificidad=alta. El urato es el eje central del estado purínico; el extremo alto tiene mayor interés operativo. Aviso rama alta: Muy alta: refuerza claramente el mecanismo.,alta,alta
VM066,urea_mg_dl,estado_purinico,contextual_support,high,positive,positive,0.15,direct_score,0,all,,1,[runtime_alineado] activation_mode=high; severity_mode=direct_score; threshold_mecanismo=55. UMBRAL_ALTO: Concepto paraguas menos específico que carga hiperuricémica. Fuerza=baja; Especificidad=baja. Carga nitrogenada y contracción de volumen pueden modular el eje purínico. Aviso rama alta: Muy alta: revisar deshidratación/catabolismo.,baja,baja
VM067,hdl_mg_dl,inflamacion,contextual_support,low,positive,positive,0.17,direct_score,1,all,,1,[runtime_alineado] activation_mode=low; severity_mode=direct_score; threshold_mecanismo=40. Fuerza=baja; Especificidad=baja. HDL puede descender en contextos inflamatorios. Aviso rama baja: Muy baja: añade peso inflamatorio-metabólico.,baja,baja
VM068,hscrp_mg_l,inflamacion,primary_driver,high,positive,positive,0.86,direct_score,0,all,,1,[runtime_alineado] activation_mode=high; severity_mode=direct_score; threshold_mecanismo=40. Fuerza=alta; Especificidad=media. PCR ultrasensible alta es uno de los mejores marcadores de inflamación sistémica de bajo grado. Aviso rama alta: Muy alta: refuerza claramente el mecanismo.,alta,media
VM069,esr_mm_h,inflamacion,supporting_driver,high,positive,positive,0.37,direct_score,0,all,,1,"[runtime_alineado] activation_mode=high; severity_mode=direct_score; threshold_mecanismo=40. Fuerza=media; Especificidad=baja. La VSG alta acompaña procesos inflamatorios, aunque es menos específica y más lenta. Aviso rama alta: Muy alta: apoya inflamación sostenida.",media,baja
VM070,fibrinogen_mg_dl,inflamacion,supporting_driver,high,positive,positive,0.37,direct_score,0,all,,1,[runtime_alineado] activation_mode=high; severity_mode=direct_score; threshold_mecanismo=40. Fuerza=media; Especificidad=baja. Fibrinógeno alto es reactante de fase aguda y procoagulante. Aviso rama alta: Muy alto: refuerza inflamación/fase aguda.,media,baja
VM071,wbc_x10_3_mm3,inflamacion,supporting_driver,high,positive,positive,0.37,direct_score,0,all,,1,[runtime_alineado] activation_mode=high; severity_mode=direct_score; threshold_mecanismo=40. Fuerza=media; Especificidad=baja. Leucocitos altos apoyan respuesta inflamatoria/reactiva. Aviso rama alta: Muy altos: priorizar activación inmune/infecciosa.,media,baja
VM072,neut_abs_x10_3_mm3,inflamacion,supporting_driver,high,positive,positive,0.37,direct_score,0,all,,1,[runtime_alineado] activation_mode=high; severity_mode=direct_score; threshold_mecanismo=40. Fuerza=media; Especificidad=baja. Neutrofilia apoya inflamación aguda o estrés biológico. Aviso rama alta: Muy altos: sugiere proceso agudo/reactivo.,media,baja
VM073,ferritin_ng_ml,inflamacion,contextual_support,high,positive,positive,0.17,direct_score,0,all,,1,[runtime_alineado] activation_mode=high; severity_mode=direct_score; threshold_mecanismo=40. Fuerza=baja; Especificidad=baja. Ferritina alta puede ser reactante de fase aguda además de depósito de hierro. Aviso rama alta: Muy alta: obliga a separar inflamación de sobrecarga férrica.,baja,baja
VM074,platelets_x10_3_uL,inflamacion,contextual_support,high,positive,positive,0.17,direct_score,0,all,,1,"[runtime_alineado] activation_mode=high; severity_mode=direct_score; threshold_mecanismo=40. Fuerza=baja; Especificidad=baja. Plaquetas altas pueden acompañar inflamación o ferropenia. Aviso rama alta: Muy altas: refuerzan reactividad, con baja especificidad.",baja,baja
VM075,albumin_g_dl,inflamacion,supporting_driver,low,positive,positive,0.37,direct_score,0,all,,1,[runtime_alineado] activation_mode=low; severity_mode=direct_score; threshold_mecanismo=40. Fuerza=media; Especificidad=baja. Albúmina baja puede acompañar inflamación crónica por reactante negativo de fase aguda. Aviso rama baja: Muy baja: apoya inflamación crónica o mala síntesis/oncótica.,media,baja
VM076,hscrp_mg_l,activacion_inmune,supporting_driver,high,positive,positive,0.33,direct_score,0,all,,1,[runtime_alineado] activation_mode=high; severity_mode=direct_score; threshold_mecanismo=55. UMBRAL_ALTO: Solapa con inflamación; requiere patrón hematológico consistente. Fuerza=media; Especificidad=baja. PCR alta acompaña activación inmune sistémica. Aviso rama alta: Muy alta: refuerza activación.,media,baja
VM077,esr_mm_h,activacion_inmune,contextual_support,high,positive,positive,0.15,direct_score,0,all,,1,[runtime_alineado] activation_mode=high; severity_mode=direct_score; threshold_mecanismo=55. UMBRAL_ALTO: Solapa con inflamación; requiere patrón hematológico consistente. Fuerza=baja; Especificidad=baja. VSG alta apoya respuesta sostenida. Aviso rama alta: Muy alta: apoyo inespecífico.,baja,baja
VM078,fibrinogen_mg_dl,activacion_inmune,contextual_support,high,positive,positive,0.15,direct_score,0,all,,1,[runtime_alineado] activation_mode=high; severity_mode=direct_score; threshold_mecanismo=55. UMBRAL_ALTO: Solapa con inflamación; requiere patrón hematológico consistente. Fuerza=baja; Especificidad=baja. Fibrinógeno alto acompaña fase aguda. Aviso rama alta: Muy alto: apoyo inespecífico.,baja,baja
VM079,wbc_x10_3_mm3,activacion_inmune,supporting_driver,high,positive,positive,0.42,direct_score,0,all,,1,[runtime_alineado] activation_mode=high; severity_mode=direct_score; threshold_mecanismo=55. UMBRAL_ALTO: Solapa con inflamación; requiere patrón hematológico consistente. Fuerza=alta; Especificidad=baja. Leucocitosis es la señal más directa en este bloque. Aviso rama alta: Muy alta: priorizar activación inmune/infecciosa.,alta,baja
VM080,neut_abs_x10_3_mm3,activacion_inmune,supporting_driver,high,positive,positive,0.42,direct_score,0,all,,1,"[runtime_alineado] activation_mode=high; severity_mode=direct_score; threshold_mecanismo=55. UMBRAL_ALTO: Solapa con inflamación; requiere patrón hematológico consistente. Fuerza=alta; Especificidad=baja. Neutrofilia orienta a activación innata, estrés o infección bacteriana. Aviso rama alta: Muy alta: refuerza mucho activación innata.",alta,baja
VM081,lymph_abs_x10_3_mm3,activacion_inmune,supporting_driver,low,positive,positive,0.28,direct_score,0,all,,1,"[runtime_alineado] activation_mode=low; severity_mode=direct_score; threshold_mecanismo=55. UMBRAL_ALTO: Solapa con inflamación; requiere patrón hematológico consistente. Rama baja de asociación bidireccional. Fuerza=media; Especificidad=baja. Linfocitos altos o bajos pueden informar activación o redistribución según contexto. Aviso rama baja: Muy baja: sugiere estrés biológico, corticoides o algunas infecciones.",media,baja
VM082,lymph_abs_x10_3_mm3,activacion_inmune,supporting_driver,high,positive,positive,0.28,direct_score,0,all,,1,[runtime_alineado] activation_mode=high; severity_mode=direct_score; threshold_mecanismo=55. UMBRAL_ALTO: Solapa con inflamación; requiere patrón hematológico consistente. Rama alta de asociación bidireccional. Fuerza=media; Especificidad=baja. Linfocitos altos o bajos pueden informar activación o redistribución según contexto. Aviso rama alta: Muy alta: pensar en activación linfoide/viral u otras causas.,media,baja
VM083,ferritin_ng_ml,activacion_inmune,contextual_support,high,positive,positive,0.15,direct_score,0,all,,1,[runtime_alineado] activation_mode=high; severity_mode=direct_score; threshold_mecanismo=55. UMBRAL_ALTO: Solapa con inflamación; requiere patrón hematológico consistente. Fuerza=baja; Especificidad=baja. Ferritina puede subir como reactante de fase aguda. Aviso rama alta: Muy alta: obliga a diferenciar inflamación de sobrecarga férrica.,baja,baja
VM084,platelets_x10_3_uL,activacion_inmune,contextual_support,high,positive,positive,0.15,direct_score,0,all,,1,[runtime_alineado] activation_mode=high; severity_mode=direct_score; threshold_mecanismo=55. UMBRAL_ALTO: Solapa con inflamación; requiere patrón hematológico consistente. Fuerza=baja; Especificidad=baja. Trombocitosis reactiva puede acompañar activación inmune. Aviso rama alta: Muy altas: apoyo inespecífico.,baja,baja
VM085,hba1c_pct,estres_oxidativo,contextual_support,high,positive,positive,0.15,direct_score,0,all,,1,[runtime_alineado] activation_mode=high; severity_mode=direct_score; threshold_mecanismo=65. UMBRAL_ALTO: Proxy indirecto; mantener sensible solo si convergen varias anomalías. Fuerza=baja; Especificidad=baja. La glucación crónica se asocia con mayor estrés oxidativo. Aviso rama alta: Muy alta: añade soporte indirecto.,baja,baja
VM086,triglycerides_mg_dl,estres_oxidativo,contextual_support,high,positive,positive,0.15,direct_score,1,all,,1,[runtime_alineado] activation_mode=high; severity_mode=direct_score; threshold_mecanismo=65. UMBRAL_ALTO: Proxy indirecto; mantener sensible solo si convergen varias anomalías. Fuerza=baja; Especificidad=baja. Dislipidemia y estrés oxidativo coexisten con frecuencia. Aviso rama alta: Muy altos: apoyo metabólico indirecto.,baja,baja
VM087,hdl_mg_dl,estres_oxidativo,contextual_support,low,positive,positive,0.15,direct_score,1,all,,1,"[runtime_alineado] activation_mode=low; severity_mode=direct_score; threshold_mecanismo=65. UMBRAL_ALTO: Proxy indirecto; mantener sensible solo si convergen varias anomalías. Fuerza=baja; Especificidad=baja. HDL bajo puede acompañar menor protección antioxidante, de forma indirecta. Aviso rama baja: Muy bajo: apoyo débil.",baja,baja
VM088,hscrp_mg_l,estres_oxidativo,supporting_driver,high,positive,positive,0.33,direct_score,0,all,,1,[runtime_alineado] activation_mode=high; severity_mode=direct_score; threshold_mecanismo=65. UMBRAL_ALTO: Proxy indirecto; mantener sensible solo si convergen varias anomalías. Fuerza=media; Especificidad=baja. Inflamación y estrés oxidativo suelen viajar juntos. Aviso rama alta: Muy alta: refuerza estrés inflamatorio.,media,baja
VM089,ferritin_ng_ml,estres_oxidativo,contextual_support,high,positive,positive,0.15,direct_score,0,all,,1,"[runtime_alineado] activation_mode=high; severity_mode=direct_score; threshold_mecanismo=65. UMBRAL_ALTO: Proxy indirecto; mantener sensible solo si convergen varias anomalías. Fuerza=baja; Especificidad=baja. Ferritina alta puede acompañar inflamación/oxidación, con gran confusión biológica. Aviso rama alta: Muy alta: apoyo indirecto, diferenciar de depósito de hierro.",baja,baja
VM090,alt_u_l,estres_oxidativo,contextual_support,high,positive,positive,0.15,direct_score,0,all,,1,[runtime_alineado] activation_mode=high; severity_mode=direct_score; threshold_mecanismo=65. UMBRAL_ALTO: Proxy indirecto; mantener sensible solo si convergen varias anomalías. Fuerza=baja; Especificidad=baja. ALT alta puede acompañar estrés hepatometabólico oxidativo. Aviso rama alta: Muy alta: priorizar también carga hepática.,baja,baja
VM091,ggt_u_l,estres_oxidativo,supporting_driver,high,positive,positive,0.33,direct_score,0,all,,1,"[runtime_alineado] activation_mode=high; severity_mode=direct_score; threshold_mecanismo=65. UMBRAL_ALTO: Proxy indirecto; mantener sensible solo si convergen varias anomalías. Fuerza=media; Especificidad=baja. GGT alta se usa a veces como proxy de estrés oxidativo y carga hepática-metabólica. Aviso rama alta: Muy alta: apoya estrés oxidativo indirecto, pero también carga hepática.",media,baja
VM092,uric_acid_mg_dl,estres_oxidativo,contextual_support,low,positive,positive,0.15,direct_score,0,all,,1,"[runtime_alineado] activation_mode=low; severity_mode=direct_score; threshold_mecanismo=65. UMBRAL_ALTO: Proxy indirecto; mantener sensible solo si convergen varias anomalías. Rama baja de asociación bidireccional. Fuerza=baja; Especificidad=baja. El urato tiene papel antioxidante y también puede elevarse en exceso oxidativo/metabólico; asociación ambigua. Aviso rama baja: Muy baja: interpretación difícil, poco específica.",baja,baja
VM093,uric_acid_mg_dl,estres_oxidativo,contextual_support,high,positive,positive,0.15,direct_score,0,all,,1,[runtime_alineado] activation_mode=high; severity_mode=direct_score; threshold_mecanismo=65. UMBRAL_ALTO: Proxy indirecto; mantener sensible solo si convergen varias anomalías. Rama alta de asociación bidireccional. Fuerza=baja; Especificidad=baja. El urato tiene papel antioxidante y también puede elevarse en exceso oxidativo/metabólico; asociación ambigua. Aviso rama alta: Muy alta: puede apoyar terreno oxidativo-metabólico.,baja,baja
VM094,hscrp_mg_l,permeabilidad_intestinal_inflamacion_baja,contextual_support,high,positive,positive,0.15,direct_score,0,all,,0,"[runtime_alineado] activation_mode=high; severity_mode=direct_score; threshold_mecanismo=75. EXPERIMENTAL_DESACTIVADO: Sin marcadores directos (calprotectina, zonulina u otros). Demasiado inferencial para activarlo en runtime. Fuerza=baja; Especificidad=baja. Mecanismo incompleto sin calprotectina, zonulina u otros marcadores directos. Aviso rama alta: Muy alta: apoya inflamación sistémica no específica.",baja,baja
VM095,lymph_abs_x10_3_mm3,permeabilidad_intestinal_inflamacion_baja,contextual_support,low,positive,positive,0.15,direct_score,0,all,,0,"[runtime_alineado] activation_mode=low; severity_mode=direct_score; threshold_mecanismo=75. EXPERIMENTAL_DESACTIVADO: Sin marcadores directos (calprotectina, zonulina u otros). Demasiado inferencial para activarlo en runtime. Rama baja de asociación bidireccional. Fuerza=baja; Especificidad=baja. Cambios linfocitarios pueden coexistir, pero sin valor localizador. Aviso rama baja: Muy baja: apoyo débil.",baja,baja
VM096,lymph_abs_x10_3_mm3,permeabilidad_intestinal_inflamacion_baja,contextual_support,high,positive,positive,0.15,direct_score,0,all,,0,"[runtime_alineado] activation_mode=high; severity_mode=direct_score; threshold_mecanismo=75. EXPERIMENTAL_DESACTIVADO: Sin marcadores directos (calprotectina, zonulina u otros). Demasiado inferencial para activarlo en runtime. Rama alta de asociación bidireccional. Fuerza=baja; Especificidad=baja. Cambios linfocitarios pueden coexistir, pero sin valor localizador. Aviso rama alta: Muy alta: apoyo débil.",baja,baja
VM097,ferritin_ng_ml,permeabilidad_intestinal_inflamacion_baja,contextual_support,high,positive,positive,0.15,direct_score,0,all,,0,"[runtime_alineado] activation_mode=high; severity_mode=direct_score; threshold_mecanismo=75. EXPERIMENTAL_DESACTIVADO: Sin marcadores directos (calprotectina, zonulina u otros). Demasiado inferencial para activarlo en runtime. Fuerza=baja; Especificidad=baja. Ferritina alta puede acompañar inflamación de bajo grado; no localiza origen. Aviso rama alta: Muy alta: obliga a separar inflamación de hierro.",baja,baja
VM098,albumin_g_dl,permeabilidad_intestinal_inflamacion_baja,contextual_support,low,positive,positive,0.15,direct_score,0,all,,0,"[runtime_alineado] activation_mode=low; severity_mode=direct_score; threshold_mecanismo=75. EXPERIMENTAL_DESACTIVADO: Sin marcadores directos (calprotectina, zonulina u otros). Demasiado inferencial para activarlo en runtime. Fuerza=baja; Especificidad=baja. Albúmina baja puede coexistir en contextos inflamatorios/nutricionales; señal muy inespecífica. Aviso rama baja: Muy baja: apoyo débil e inespecífico.",baja,baja
VM099,hb_g_dl,deficit_hierro_eritropoyesis,primary_driver,low,positive,positive,0.86,direct_score,0,all,,1,[runtime_alineado] activation_mode=low; severity_mode=direct_score; threshold_mecanismo=45. Fuerza=alta; Especificidad=media. Hemoglobina baja refleja impacto eritropoyético del déficit si el proceso ya es suficiente. Aviso rama baja: Muy baja: aumenta prioridad clínica.,alta,media
VM100,hct_pct,deficit_hierro_eritropoyesis,supporting_driver,low,positive,positive,0.37,direct_score,0,all,,1,[runtime_alineado] activation_mode=low; severity_mode=direct_score; threshold_mecanismo=45. Fuerza=media; Especificidad=baja. Hematocrito bajo acompaña la anemia por déficit de hierro. Aviso rama baja: Muy baja: apoyo clínico al mecanismo.,media,baja
VM101,rbc_x10_6_mm3,deficit_hierro_eritropoyesis,supporting_driver,low,positive,positive,0.37,direct_score,0,all,,1,[runtime_alineado] activation_mode=low; severity_mode=direct_score; threshold_mecanismo=45. Fuerza=media; Especificidad=baja. Hematíes bajos pueden acompañar fases avanzadas. Aviso rama baja: Muy baja: apoyo clínico adicional.,media,baja
VM102,mcv_fl,deficit_hierro_eritropoyesis,primary_driver,low,positive,positive,0.86,direct_score,0,all,,1,[runtime_alineado] activation_mode=low; severity_mode=direct_score; threshold_mecanismo=45. Fuerza=alta; Especificidad=media. Microcitosis clásica de la ferropenia establecida. Aviso rama baja: Muy baja: refuerza mucho el mecanismo.,alta,media
VM103,rdw_pct,deficit_hierro_eritropoyesis,primary_driver,high,positive,positive,0.86,direct_score,0,all,,1,"[runtime_alineado] activation_mode=high; severity_mode=direct_score; threshold_mecanismo=45. Fuerza=alta; Especificidad=media. RDW alto refleja anisocitosis típica de déficits nutricionales y ferropenia. Aviso rama alta: Muy alta: refuerza el mecanismo, aunque no es específica.",alta,media
VM104,ferritin_ng_ml,deficit_hierro_eritropoyesis,primary_driver,low,positive,positive,0.86,direct_score,0,all,,1,[runtime_alineado] activation_mode=low; severity_mode=direct_score; threshold_mecanismo=45. Fuerza=alta; Especificidad=media. Ferritina baja apoya déficit de hierro absoluto; puede falsearse al alza con inflamación. Aviso rama baja: Muy baja: refuerza fuertemente el mecanismo.,alta,media
VM105,iron_ug_dl,deficit_hierro_eritropoyesis,supporting_driver,low,positive,positive,0.37,direct_score,0,all,,1,"[runtime_alineado] activation_mode=low; severity_mode=direct_score; threshold_mecanismo=45. Fuerza=media; Especificidad=baja. Hierro sérico bajo apoya el mecanismo, pero fluctúa mucho. Aviso rama baja: Muy bajo: suma soporte al déficit.",media,baja
VM106,transferrin_mg_dl,deficit_hierro_eritropoyesis,supporting_driver,high,positive,positive,0.48,direct_score,0,all,,1,[runtime_alineado] activation_mode=high; severity_mode=direct_score; threshold_mecanismo=45. Fuerza=media; Especificidad=media. Transferrina alta acompaña déficit de hierro. Aviso rama alta: Muy alta: refuerza el mecanismo.,media,media
VM107,transferrin_sat_pct,deficit_hierro_eritropoyesis,primary_driver,low,positive,positive,1.0,direct_score,0,all,,1,[runtime_alineado] activation_mode=low; severity_mode=direct_score; threshold_mecanismo=45. Fuerza=alta; Especificidad=alta. Saturación baja es de las señales más útiles del déficit funcional/absoluto. Aviso rama baja: Muy baja: refuerza fuertemente el mecanismo.,alta,alta
VM108,tibc_ug_dl,deficit_hierro_eritropoyesis,primary_driver,high,positive,positive,0.86,direct_score,0,all,,1,[runtime_alineado] activation_mode=high; severity_mode=direct_score; threshold_mecanismo=45. Fuerza=alta; Especificidad=media. TIBC alto apoya mayor capacidad de fijación por déficit. Aviso rama alta: Muy alta: refuerza ferropenia.,alta,media
VM109,platelets_x10_3_uL,deficit_hierro_eritropoyesis,contextual_support,high,positive,positive,0.17,direct_score,0,all,,1,[runtime_alineado] activation_mode=high; severity_mode=direct_score; threshold_mecanismo=45. Fuerza=baja; Especificidad=baja. Puede haber trombocitosis reactiva en ferropenia. Aviso rama alta: Muy altas: apoyo débil/inespecífico.,baja,baja
VM110,ferritin_ng_ml,sobrecarga_ferrica,primary_driver,high,positive,positive,0.86,direct_score,0,all,,1,[runtime_alineado] activation_mode=high; severity_mode=direct_score; threshold_mecanismo=50. Fuerza=alta; Especificidad=media. Ferritina alta es central pero no distingue bien depósito de fase aguda. Aviso rama alta: Muy alta: obliga a separar depósito de inflamación.,alta,media
VM111,iron_ug_dl,sobrecarga_ferrica,supporting_driver,high,positive,positive,0.48,direct_score,0,all,,1,[runtime_alineado] activation_mode=high; severity_mode=direct_score; threshold_mecanismo=50. Fuerza=media; Especificidad=media. Hierro sérico alto apoya el mecanismo si es persistente. Aviso rama alta: Muy alto: lo refuerza.,media,media
VM112,transferrin_mg_dl,sobrecarga_ferrica,supporting_driver,low,positive,positive,0.48,direct_score,0,all,,1,[runtime_alineado] activation_mode=low; severity_mode=direct_score; threshold_mecanismo=50. Fuerza=media; Especificidad=media. Transferrina baja puede acompañar exceso de hierro o inflamación. Aviso rama baja: Muy baja: apoya débilmente el mecanismo.,media,media
VM113,transferrin_sat_pct,sobrecarga_ferrica,primary_driver,high,positive,positive,1.0,direct_score,0,all,,1,[runtime_alineado] activation_mode=high; severity_mode=direct_score; threshold_mecanismo=50. Fuerza=alta; Especificidad=alta. Saturación alta aumenta mucho la probabilidad de exceso de hierro biodisponible. Aviso rama alta: Muy alta: refuerza claramente el mecanismo.,alta,alta
VM114,tibc_ug_dl,sobrecarga_ferrica,supporting_driver,low,positive,positive,0.48,direct_score,0,all,,1,[runtime_alineado] activation_mode=low; severity_mode=direct_score; threshold_mecanismo=50. Fuerza=media; Especificidad=media. TIBC bajo acompaña menor necesidad de transporte en sobrecarga. Aviso rama baja: Muy bajo: apoya el mecanismo.,media,media
VM115,alt_u_l,sobrecarga_ferrica,contextual_support,high,positive,positive,0.17,direct_score,0,all,,1,[runtime_alineado] activation_mode=high; severity_mode=direct_score; threshold_mecanismo=50. Fuerza=baja; Especificidad=baja. Las enzimas hepáticas pueden subir si hay afectación hepática por hierro. Aviso rama alta: Muy alta: revisar carga hepática asociada.,baja,baja
VM116,ast_u_l,sobrecarga_ferrica,contextual_support,high,positive,positive,0.17,direct_score,0,all,,1,[runtime_alineado] activation_mode=high; severity_mode=direct_score; threshold_mecanismo=50. Fuerza=baja; Especificidad=baja. AST puede acompañar afectación hepática. Aviso rama alta: Muy alta: revisar hígado u otras causas.,baja,baja
VM117,ggt_u_l,sobrecarga_ferrica,contextual_support,high,positive,positive,0.17,direct_score,0,all,,1,[runtime_alineado] activation_mode=high; severity_mode=direct_score; threshold_mecanismo=50. Fuerza=baja; Especificidad=baja. GGT alta puede coexistir en afectación hepatobiliar/metabólica. Aviso rama alta: Muy alta: añadir interpretación hepática.,baja,baja
VM118,hb_g_dl,eje_b12_folato,supporting_driver,low,positive,positive,0.37,direct_score,0,all,,1,[runtime_alineado] activation_mode=low; severity_mode=direct_score; threshold_mecanismo=45. Fuerza=media; Especificidad=baja. Hemoglobina baja puede aparecer en fases con repercusión eritropoyética. Aviso rama baja: Muy baja: aumenta prioridad clínica.,media,baja
VM119,hct_pct,eje_b12_folato,contextual_support,low,positive,positive,0.17,direct_score,0,all,,1,[runtime_alineado] activation_mode=low; severity_mode=direct_score; threshold_mecanismo=45. Fuerza=baja; Especificidad=baja. Hematocrito bajo acompaña la anemia. Aviso rama baja: Muy baja: apoyo clínico.,baja,baja
VM120,rbc_x10_6_mm3,eje_b12_folato,contextual_support,low,positive,positive,0.17,direct_score,0,all,,1,[runtime_alineado] activation_mode=low; severity_mode=direct_score; threshold_mecanismo=45. Fuerza=baja; Especificidad=baja. Hematíes bajos pueden acompañar fases avanzadas. Aviso rama baja: Muy baja: apoyo adicional.,baja,baja
VM121,mcv_fl,eje_b12_folato,supporting_driver,high,positive,positive,0.48,direct_score,0,all,,1,"[runtime_alineado] activation_mode=high; severity_mode=direct_score; threshold_mecanismo=45. Fuerza=media; Especificidad=media. Macrocitosis apoya déficit vitamínico establecido. Aviso rama alta: Muy alta: refuerza déficit B12/folato, alcohol o hepatopatía.",media,media
VM122,rdw_pct,eje_b12_folato,supporting_driver,high,positive,positive,0.37,direct_score,0,all,,1,[runtime_alineado] activation_mode=high; severity_mode=direct_score; threshold_mecanismo=45. Fuerza=media; Especificidad=baja. RDW alto acompaña alteración madurativa hematológica. Aviso rama alta: Muy alta: apoyo inespecífico.,media,baja
VM123,vitb12_pg_ml,eje_b12_folato,primary_driver,low,positive,positive,1.0,direct_score,0,all,,1,[runtime_alineado] activation_mode=low; severity_mode=direct_score; threshold_mecanismo=45. Fuerza=alta; Especificidad=alta. B12 baja es la señal directa principal del eje. Aviso rama baja: Muy baja: refuerza claramente el mecanismo.,alta,alta
VM124,folate_ng_ml,eje_b12_folato,primary_driver,low,positive,positive,1.0,direct_score,0,all,,1,[runtime_alineado] activation_mode=low; severity_mode=direct_score; threshold_mecanismo=45. Fuerza=alta; Especificidad=alta. Folato bajo es señal directa principal del eje. Aviso rama baja: Muy baja: refuerza claramente el mecanismo.,alta,alta
VM125,mcv_fl,alteracion_metabolismo_folato_b12_homocisteina,supporting_driver,high,positive,positive,0.44,direct_score,0,all,,1,"[runtime_alineado] activation_mode=high; severity_mode=direct_score; threshold_mecanismo=55. UMBRAL_ALTO: Más amplio que eje B12/folato, pero incompleto sin homocisteína real. Fuerza=media; Especificidad=media. Macrocitosis da soporte hematimétrico indirecto. Aviso rama alta: Muy alta: refuerza eje B12/folato aunque no lo confirma.",media,media
VM126,rdw_pct,alteracion_metabolismo_folato_b12_homocisteina,supporting_driver,high,positive,positive,0.33,direct_score,0,all,,1,"[runtime_alineado] activation_mode=high; severity_mode=direct_score; threshold_mecanismo=55. UMBRAL_ALTO: Más amplio que eje B12/folato, pero incompleto sin homocisteína real. Fuerza=media; Especificidad=baja. RDW alto acompaña alteraciones madurativas. Aviso rama alta: Muy alta: apoyo inespecífico.",media,baja
VM127,vitb12_pg_ml,alteracion_metabolismo_folato_b12_homocisteina,primary_driver,low,positive,positive,0.95,direct_score,0,all,,1,"[runtime_alineado] activation_mode=low; severity_mode=direct_score; threshold_mecanismo=55. UMBRAL_ALTO: Más amplio que eje B12/folato, pero incompleto sin homocisteína real. Fuerza=alta; Especificidad=alta. B12 baja apoya alteración del eje metilación. Aviso rama baja: Muy baja: refuerza el mecanismo.",alta,alta
VM128,folate_ng_ml,alteracion_metabolismo_folato_b12_homocisteina,primary_driver,low,positive,positive,0.95,direct_score,0,all,,1,"[runtime_alineado] activation_mode=low; severity_mode=direct_score; threshold_mecanismo=55. UMBRAL_ALTO: Más amplio que eje B12/folato, pero incompleto sin homocisteína real. Fuerza=alta; Especificidad=alta. Folato bajo apoya alteración del eje metilación. Aviso rama baja: Muy baja: refuerza el mecanismo.",alta,alta
VM129,creatinine_mg_dl,alteracion_metabolismo_folato_b12_homocisteina,contextual_support,high,positive,positive,0.15,direct_score,0,all,,1,"[runtime_alineado] activation_mode=high; severity_mode=direct_score; threshold_mecanismo=55. UMBRAL_ALTO: Más amplio que eje B12/folato, pero incompleto sin homocisteína real. Fuerza=baja; Especificidad=baja. La función renal condiciona homocisteína; útil como modulador, no como señal primaria. Aviso rama alta: Muy alta: interpretar con cautela por confusión renal.",baja,baja
VM130,egfr_ml_min_1_73m2,alteracion_metabolismo_folato_b12_homocisteina,contextual_support,low,positive,positive,0.15,direct_score,0,all,,1,"[runtime_alineado] activation_mode=low; severity_mode=direct_score; threshold_mecanismo=55. UMBRAL_ALTO: Más amplio que eje B12/folato, pero incompleto sin homocisteína real. Fuerza=baja; Especificidad=baja. Menor filtrado puede elevar homocisteína independientemente del eje vitamínico. Aviso rama baja: Muy baja: mucha cautela en la inferencia.",baja,baja
VM131,albumin_g_dl,alteracion_metabolismo_folato_b12_homocisteina,contextual_support,low,positive,positive,0.15,direct_score,0,all,,1,"[runtime_alineado] activation_mode=low; severity_mode=direct_score; threshold_mecanismo=55. UMBRAL_ALTO: Más amplio que eje B12/folato, pero incompleto sin homocisteína real. Fuerza=baja; Especificidad=baja. Malnutrición/globalidad nutricional puede acompañar el eje alterado. Aviso rama baja: Muy baja: apoyo nutricional débil.",baja,baja
VM132,tsh_mIU_l,alteracion_metabolismo_folato_b12_homocisteina,contextual_support,high,positive,positive,0.15,direct_score,0,all,,1,"[runtime_alineado] activation_mode=high; severity_mode=direct_score; threshold_mecanismo=55. UMBRAL_ALTO: Más amplio que eje B12/folato, pero incompleto sin homocisteína real. Fuerza=baja; Especificidad=baja. Hipotiroidismo puede modular homocisteína; apoyo contextual, no central. Aviso rama alta: Muy alta: revisar confusión tiroidea.",baja,baja
VM133,chol_total_mg_dl,deficit_proteico_catabolismo,contextual_support,low,positive,positive,0.17,direct_score,1,all,,1,[runtime_alineado] activation_mode=low; severity_mode=direct_score; threshold_mecanismo=50. Fuerza=baja; Especificidad=baja. Colesterol total bajo puede acompañar ingesta reducida o enfermedad sistémica. Aviso rama baja: Muy baja: apoya contexto catabólico/nutricional.,baja,baja
VM134,lymph_abs_x10_3_mm3,deficit_proteico_catabolismo,contextual_support,low,positive,positive,0.17,direct_score,0,all,,1,[runtime_alineado] activation_mode=low; severity_mode=direct_score; threshold_mecanismo=50. Fuerza=baja; Especificidad=baja. Linfopenia puede acompañar estrés catabólico o desnutrición. Aviso rama baja: Muy baja: apoyo indirecto.,baja,baja
VM135,hb_g_dl,deficit_proteico_catabolismo,contextual_support,low,positive,positive,0.17,direct_score,0,all,,1,[runtime_alineado] activation_mode=low; severity_mode=direct_score; threshold_mecanismo=50. Fuerza=baja; Especificidad=baja. Hemoglobina baja puede coexistir en desnutrición o enfermedad crónica. Aviso rama baja: Muy baja: añade prioridad clínica.,baja,baja
VM136,creatinine_mg_dl,deficit_proteico_catabolismo,supporting_driver,low,positive,positive,0.37,direct_score,0,all,,1,[runtime_alineado] activation_mode=low; severity_mode=direct_score; threshold_mecanismo=50. Fuerza=media; Especificidad=baja. Creatinina baja puede reflejar menor masa muscular/reserva proteica. Aviso rama baja: Muy baja: refuerza baja masa magra.,media,baja
VM137,urea_mg_dl,deficit_proteico_catabolismo,supporting_driver,low,positive,positive,0.32,direct_score,0,all,,1,[runtime_alineado] activation_mode=low; severity_mode=direct_score; threshold_mecanismo=50. Rama baja de asociación bidireccional. Fuerza=media; Especificidad=baja. Urea alta puede reflejar catabolismo/carga proteica/deshidratación; baja puede sugerir baja ingesta o síntesis reducida. Aviso rama baja: Muy baja: apoya baja disponibilidad proteica o síntesis reducida.,media,baja
VM138,urea_mg_dl,deficit_proteico_catabolismo,supporting_driver,high,positive,positive,0.32,direct_score,0,all,,1,[runtime_alineado] activation_mode=high; severity_mode=direct_score; threshold_mecanismo=50. Rama alta de asociación bidireccional. Fuerza=media; Especificidad=baja. Urea alta puede reflejar catabolismo/carga proteica/deshidratación; baja puede sugerir baja ingesta o síntesis reducida. Aviso rama alta: Muy alta: apoya catabolismo o contracción de volumen.,media,baja
VM139,bmi_kg_m2,deficit_proteico_catabolismo,supporting_driver,low,positive,positive,0.37,direct_score,0,all,,1,"[runtime_alineado] activation_mode=low; severity_mode=direct_score; threshold_mecanismo=50. Fuerza=media; Especificidad=baja. BMI bajo apoya déficit energético/proteico, con baja especificidad. Aviso rama baja: Muy baja: refuerza el mecanismo.",media,baja
VM140,albumin_g_dl,deficit_proteico_catabolismo,primary_driver,low,positive,positive,0.86,direct_score,0,all,,1,"[runtime_alineado] activation_mode=low; severity_mode=direct_score; threshold_mecanismo=50. Fuerza=alta; Especificidad=media. Albúmina baja es una de las mejores señales operativas de baja síntesis, pérdidas o inflamación; interpretar con contexto. Aviso rama baja: Muy baja: aumenta prioridad de déficit proteico/pérdidas/inflamación.",alta,media
VM141,insulin_uIU_ml,carga_hepatica,contextual_support,high,positive,positive,0.17,direct_score,1,all,,1,[runtime_alineado] activation_mode=high; severity_mode=direct_score; threshold_mecanismo=45. Fuerza=baja; Especificidad=baja. La hiperinsulinemia apoya el contexto metabólico de carga hepática. Aviso rama alta: Muy alta: refuerza terreno metabólico.,baja,baja
VM142,triglycerides_mg_dl,carga_hepatica,contextual_support,high,positive,positive,0.17,direct_score,1,all,,1,[runtime_alineado] activation_mode=high; severity_mode=direct_score; threshold_mecanismo=45. Fuerza=baja; Especificidad=baja. TG altos pueden acompañar hígado graso metabólico. Aviso rama alta: Muy altos: refuerzan contexto metabólico hepático.,baja,baja
VM143,ferritin_ng_ml,carga_hepatica,contextual_support,high,positive,positive,0.17,direct_score,0,all,,1,[runtime_alineado] activation_mode=high; severity_mode=direct_score; threshold_mecanismo=45. Fuerza=baja; Especificidad=baja. Ferritina alta puede acompañar hígado graso e inflamación hepática. Aviso rama alta: Muy alta: separar inflamación de hierro/NAFLD.,baja,baja
VM144,alt_u_l,carga_hepatica,primary_driver,high,positive,positive,0.86,direct_score,0,all,,1,[runtime_alineado] activation_mode=high; severity_mode=direct_score; threshold_mecanismo=45. Fuerza=alta; Especificidad=media. ALT alta es la señal principal de estrés hepatocelular. Aviso rama alta: Muy alta: prioriza carga hepática.,alta,media
VM145,ast_u_l,carga_hepatica,supporting_driver,high,positive,positive,0.47,direct_score,0,all,,1,[runtime_alineado] activation_mode=high; severity_mode=direct_score; threshold_mecanismo=45. Fuerza=alta; Especificidad=baja. AST alta apoya lesión tisular/hepática pero es menos específica. Aviso rama alta: Muy alta: obliga a revisar hígado y músculo.,alta,baja
VM146,ggt_u_l,carga_hepatica,supporting_driver,high,positive,positive,0.37,direct_score,0,all,,1,[runtime_alineado] activation_mode=high; severity_mode=direct_score; threshold_mecanismo=45. Fuerza=media; Especificidad=baja. GGT alta acompaña carga hepatometabólica y/o colestásica. Aviso rama alta: Muy alta: refuerza componente hepático y/o hepatobiliar.,media,baja
VM147,bilirubin_total_mg_dl,carga_hepatica,contextual_support,high,positive,positive,0.17,direct_score,0,all,,1,"[runtime_alineado] activation_mode=high; severity_mode=direct_score; threshold_mecanismo=45. Fuerza=baja; Especificidad=baja. Bilirrubina alta puede aparecer en hepatopatía, hemólisis o colestasis; no es específica. Aviso rama alta: Muy alta: revisar componente hepatobiliar/hemólisis.",baja,baja
VM148,albumin_g_dl,carga_hepatica,supporting_driver,low,positive,positive,0.48,direct_score,0,all,,1,[runtime_alineado] activation_mode=low; severity_mode=direct_score; threshold_mecanismo=45. Fuerza=media; Especificidad=media. Albúmina baja puede sugerir menor reserva sintética crónica. Aviso rama baja: Muy baja: añade peso a disfunción hepática crónica o inflamación/pérdidas.,media,media
VM149,alt_u_l,componente_hepatobiliar,supporting_driver,high,positive,positive,0.37,direct_score,0,all,,1,[runtime_alineado] activation_mode=high; severity_mode=direct_score; threshold_mecanismo=40. Fuerza=media; Especificidad=baja. ALT puede elevarse si coexiste componente hepatocelular. Aviso rama alta: Muy alta: añadir lectura de carga hepática.,media,baja
VM150,ast_u_l,componente_hepatobiliar,contextual_support,high,positive,positive,0.17,direct_score,0,all,,1,[runtime_alineado] activation_mode=high; severity_mode=direct_score; threshold_mecanismo=40. Fuerza=baja; Especificidad=baja. AST añade apoyo débil. Aviso rama alta: Muy alta: revisar mezcla hepático-muscular.,baja,baja
VM151,ggt_u_l,componente_hepatobiliar,primary_driver,high,positive,positive,0.86,direct_score,0,all,,1,[runtime_alineado] activation_mode=high; severity_mode=direct_score; threshold_mecanismo=40. Fuerza=alta; Especificidad=media. GGT alta es uno de los apoyos más útiles del componente hepatobiliar. Aviso rama alta: Muy alta: refuerza componente colestásico/hepatobiliar.,alta,media
VM152,alp_u_l,componente_hepatobiliar,primary_driver,high,positive,positive,0.86,direct_score,0,all,,1,"[runtime_alineado] activation_mode=high; severity_mode=direct_score; threshold_mecanismo=40. Fuerza=alta; Especificidad=media. ALP alta apoya colestasis o componente biliar, con necesidad de contexto óseo. Aviso rama alta: Muy alta: refuerza mucho el componente hepatobiliar.",alta,media
VM153,bilirubin_total_mg_dl,componente_hepatobiliar,primary_driver,high,positive,positive,0.86,direct_score,0,all,,1,[runtime_alineado] activation_mode=high; severity_mode=direct_score; threshold_mecanismo=40. Fuerza=alta; Especificidad=media. Bilirrubina alta apoya colestasis o alteración excretora/hepática. Aviso rama alta: Muy alta: priorizar estudio hepatobiliar y hemólisis.,alta,media
VM154,hb_g_dl,seguridad_renal,contextual_support,low,positive,positive,0.17,direct_score,0,all,,1,[runtime_alineado] activation_mode=low; severity_mode=direct_score; threshold_mecanismo=35. Fuerza=baja; Especificidad=baja. Anemia puede acompañar enfermedad renal crónica. Aviso rama baja: Muy baja: apoyo débil a cronicidad.,baja,baja
VM155,creatinine_mg_dl,seguridad_renal,primary_driver,high,positive,positive,0.86,direct_score,0,all,,1,"[runtime_alineado] activation_mode=high; severity_mode=direct_score; threshold_mecanismo=35. Fuerza=alta; Especificidad=media. Creatinina alta es eje clásico de vigilancia renal, con sesgo por masa muscular. Aviso rama alta: Muy alta: priorizar seguridad renal.",alta,media
VM156,egfr_ml_min_1_73m2,seguridad_renal,primary_driver,low,positive,positive,1.0,direct_score,0,all,,1,[runtime_alineado] activation_mode=low; severity_mode=direct_score; threshold_mecanismo=35. Fuerza=alta; Especificidad=alta. eGFR bajo es la mejor síntesis funcional del filtrado. Aviso rama baja: Muy baja: aumenta mucho la prioridad clínica.,alta,alta
VM157,uric_acid_mg_dl,seguridad_renal,contextual_support,high,positive,positive,0.17,direct_score,0,all,,1,[runtime_alineado] activation_mode=high; severity_mode=direct_score; threshold_mecanismo=35. Fuerza=baja; Especificidad=baja. Urato alto puede acompañar menor excreción renal. Aviso rama alta: Muy alta: añadir componente renal/metabólico.,baja,baja
VM158,urea_mg_dl,seguridad_renal,supporting_driver,high,positive,positive,0.37,direct_score,0,all,,1,"[runtime_alineado] activation_mode=high; severity_mode=direct_score; threshold_mecanismo=35. Fuerza=media; Especificidad=baja. Urea alta apoya deterioro renal o contracción de volumen, pero es menos específica. Aviso rama alta: Muy alta: revisar riñón, catabolismo y volumen.",media,baja
VM159,uacr_mg_g,seguridad_renal,primary_driver,high,positive,positive,1.0,direct_score,0,all,,1,[runtime_alineado] activation_mode=high; severity_mode=direct_score; threshold_mecanismo=35. Fuerza=alta; Especificidad=alta. UACR alto señala daño renal/glomerular subclínico o establecido. Aviso rama alta: Muy alta: priorizar daño renal incluso con eGFR preservado.,alta,alta
VM160,albumin_g_dl,seguridad_renal,contextual_support,low,positive,positive,0.17,direct_score,0,all,,1,[runtime_alineado] activation_mode=low; severity_mode=direct_score; threshold_mecanismo=35. Fuerza=baja; Especificidad=baja. Albúmina baja puede aparecer con pérdidas renales o inflamación. Aviso rama baja: Muy baja: revisar pérdidas/oncótica.,baja,baja
VM161,hb_g_dl,deshidratacion_hemoconcentracion,supporting_driver,high,positive,positive,0.37,direct_score,0,all,,1,[runtime_alineado] activation_mode=high; severity_mode=direct_score; threshold_mecanismo=40. Fuerza=media; Especificidad=baja. Hemoglobina alta puede acompañar hemoconcentración. Aviso rama alta: Muy alta: apoyo moderado.,media,baja
VM162,hct_pct,deshidratacion_hemoconcentracion,primary_driver,high,positive,positive,0.86,direct_score,0,all,,1,[runtime_alineado] activation_mode=high; severity_mode=direct_score; threshold_mecanismo=40. Fuerza=alta; Especificidad=media. Hematocrito alto apoya hemoconcentración. Aviso rama alta: Muy alta: refuerza mucho el mecanismo.,alta,media
VM163,rbc_x10_6_mm3,deshidratacion_hemoconcentracion,contextual_support,high,positive,positive,0.17,direct_score,0,all,,1,"[runtime_alineado] activation_mode=high; severity_mode=direct_score; threshold_mecanismo=40. Fuerza=baja; Especificidad=baja. Hematíes altos apoyan hemoconcentración, con baja especificidad. Aviso rama alta: Muy altos: apoyo débil.",baja,baja
VM164,creatinine_mg_dl,deshidratacion_hemoconcentracion,supporting_driver,high,positive,positive,0.37,direct_score,0,all,,1,[runtime_alineado] activation_mode=high; severity_mode=direct_score; threshold_mecanismo=40. Fuerza=media; Especificidad=baja. Creatinina puede subir por prerrenalidad/hemoconcentración. Aviso rama alta: Muy alta: revisar componente prerrenal/renal.,media,baja
VM165,uric_acid_mg_dl,deshidratacion_hemoconcentracion,contextual_support,high,positive,positive,0.17,direct_score,0,all,,1,[runtime_alineado] activation_mode=high; severity_mode=direct_score; threshold_mecanismo=40. Fuerza=baja; Especificidad=baja. Urato puede elevarse con contracción de volumen. Aviso rama alta: Muy alta: apoyo indirecto.,baja,baja
VM166,urea_mg_dl,deshidratacion_hemoconcentracion,primary_driver,high,positive,positive,0.86,direct_score,0,all,,1,"[runtime_alineado] activation_mode=high; severity_mode=direct_score; threshold_mecanismo=40. Fuerza=alta; Especificidad=media. Urea alta es útil como señal de contracción de volumen, si no hay gran carga catabólica. Aviso rama alta: Muy alta: refuerza hemoconcentración/deshidratación.",alta,media
VM167,albumin_g_dl,deshidratacion_hemoconcentracion,supporting_driver,high,positive,positive,0.37,direct_score,0,all,,1,[runtime_alineado] activation_mode=high; severity_mode=direct_score; threshold_mecanismo=40. Fuerza=media; Especificidad=baja. Albúmina alta puede acompañar contracción de volumen. Aviso rama alta: Muy alta: apoya hemoconcentración.,media,baja
VM168,hb_g_dl,retencion_hidrosalina,contextual_support,low,positive,positive,0.15,direct_score,0,all,,1,[runtime_alineado] activation_mode=low; severity_mode=direct_score; threshold_mecanismo=60. UMBRAL_ALTO: Sin sodio/BNP/osmolalidad; mantener umbral alto para evitar falsos positivos. Fuerza=baja; Especificidad=baja. Hemoglobina baja puede acompañar hemodilución. Aviso rama baja: Muy baja: apoyo débil al mecanismo.,baja,baja
VM169,hct_pct,retencion_hidrosalina,supporting_driver,low,positive,positive,0.33,direct_score,0,all,,1,[runtime_alineado] activation_mode=low; severity_mode=direct_score; threshold_mecanismo=60. UMBRAL_ALTO: Sin sodio/BNP/osmolalidad; mantener umbral alto para evitar falsos positivos. Fuerza=media; Especificidad=baja. Hematocrito bajo puede reflejar hemodilución. Aviso rama baja: Muy baja: refuerza hemodilución.,media,baja
VM170,creatinine_mg_dl,retencion_hidrosalina,contextual_support,high,positive,positive,0.15,direct_score,0,all,,1,[runtime_alineado] activation_mode=high; severity_mode=direct_score; threshold_mecanismo=60. UMBRAL_ALTO: Sin sodio/BNP/osmolalidad; mantener umbral alto para evitar falsos positivos. Fuerza=baja; Especificidad=baja. Creatinina alta puede acompañar retención de origen renal. Aviso rama alta: Muy alta: revisar riñón.,baja,baja
VM171,egfr_ml_min_1_73m2,retencion_hidrosalina,contextual_support,low,positive,positive,0.15,direct_score,0,all,,1,[runtime_alineado] activation_mode=low; severity_mode=direct_score; threshold_mecanismo=60. UMBRAL_ALTO: Sin sodio/BNP/osmolalidad; mantener umbral alto para evitar falsos positivos. Fuerza=baja; Especificidad=baja. Menor filtrado puede favorecer retención. Aviso rama baja: Muy baja: apoya origen renal.,baja,baja
VM172,bmi_kg_m2,retencion_hidrosalina,contextual_support,high,positive,positive,0.15,direct_score,0,all,,1,[runtime_alineado] activation_mode=high; severity_mode=direct_score; threshold_mecanismo=60. UMBRAL_ALTO: Sin sodio/BNP/osmolalidad; mantener umbral alto para evitar falsos positivos. Fuerza=baja; Especificidad=baja. BMI alto puede incluir componente de volumen pero es muy inespecífico. Aviso rama alta: Muy alto: apoyo muy débil.,baja,baja
VM173,uacr_mg_g,retencion_hidrosalina,contextual_support,high,positive,positive,0.15,direct_score,0,all,,1,[runtime_alineado] activation_mode=high; severity_mode=direct_score; threshold_mecanismo=60. UMBRAL_ALTO: Sin sodio/BNP/osmolalidad; mantener umbral alto para evitar falsos positivos. Fuerza=baja; Especificidad=baja. Albuminuria puede coexistir si hay base renal/proteica del edema. Aviso rama alta: Muy alta: revisar riñón como origen.,baja,baja
VM174,albumin_g_dl,retencion_hidrosalina,supporting_driver,low,positive,positive,0.33,direct_score,0,all,,1,[runtime_alineado] activation_mode=low; severity_mode=direct_score; threshold_mecanismo=60. UMBRAL_ALTO: Sin sodio/BNP/osmolalidad; mantener umbral alto para evitar falsos positivos. Fuerza=media; Especificidad=baja. Albúmina baja puede favorecer edema por menor presión oncótica. Aviso rama baja: Muy baja: refuerza posible retención/tercer espacio.,media,baja
VM175,insulin_uIU_ml,resistencia_leptinica_saciedad,supporting_driver,high,positive,positive,0.33,direct_score,1,all,,1,[runtime_alineado] activation_mode=high; severity_mode=direct_score; threshold_mecanismo=60. UMBRAL_ALTO: Sin leptina ni señales de ingesta; usar como fenotipo indirecto de adiposidad central. Fuerza=media; Especificidad=baja. La hiperinsulinemia suele coexistir en este fenotipo. Aviso rama alta: Muy alta: refuerza el fenotipo metabólico.,media,baja
VM176,triglycerides_mg_dl,resistencia_leptinica_saciedad,supporting_driver,high,positive,positive,0.33,direct_score,1,all,,1,[runtime_alineado] activation_mode=high; severity_mode=direct_score; threshold_mecanismo=60. UMBRAL_ALTO: Sin leptina ni señales de ingesta; usar como fenotipo indirecto de adiposidad central. Fuerza=media; Especificidad=baja. TG altos acompañan con frecuencia el terreno de señalización leptínica ineficiente. Aviso rama alta: Muy altos: apoyo indirecto.,media,baja
VM177,hdl_mg_dl,resistencia_leptinica_saciedad,supporting_driver,low,positive,positive,0.33,direct_score,1,all,,1,[runtime_alineado] activation_mode=low; severity_mode=direct_score; threshold_mecanismo=60. UMBRAL_ALTO: Sin leptina ni señales de ingesta; usar como fenotipo indirecto de adiposidad central. Fuerza=media; Especificidad=baja. HDL bajo acompaña el patrón metabólico asociado. Aviso rama baja: Muy bajo: apoya el mecanismo.,media,baja
VM178,hscrp_mg_l,resistencia_leptinica_saciedad,contextual_support,high,positive,positive,0.15,direct_score,0,all,,1,[runtime_alineado] activation_mode=high; severity_mode=direct_score; threshold_mecanismo=60. UMBRAL_ALTO: Sin leptina ni señales de ingesta; usar como fenotipo indirecto de adiposidad central. Fuerza=baja; Especificidad=baja. Inflamación de bajo grado puede acompañar adiposidad y señal leptínica alterada. Aviso rama alta: Muy alta: apoyo indirecto.,baja,baja
VM179,bmi_kg_m2,resistencia_leptinica_saciedad,supporting_driver,high,positive,positive,0.42,direct_score,0,all,,1,"[runtime_alineado] activation_mode=high; severity_mode=direct_score; threshold_mecanismo=60. UMBRAL_ALTO: Sin leptina ni señales de ingesta; usar como fenotipo indirecto de adiposidad central. Fuerza=alta; Especificidad=baja. BMI alto apoya adiposidad global, con baja especificidad. Aviso rama alta: Muy alto: refuerza el mecanismo pero sin especificidad.",alta,baja
VM180,waist_cm,resistencia_leptinica_saciedad,primary_driver,high,positive,positive,0.77,direct_score,0,all,,1,[runtime_alineado] activation_mode=high; severity_mode=direct_score; threshold_mecanismo=60. UMBRAL_ALTO: Sin leptina ni señales de ingesta; usar como fenotipo indirecto de adiposidad central. Fuerza=alta; Especificidad=media. La adiposidad central es la mejor pista indirecta del mecanismo en ausencia de leptina. Aviso rama alta: Muy alta: refuerza fuertemente resistencia leptínica/saciedad alterada.,alta,media
VM181,triglycerides_mg_dl,disfuncion_tiroidea_periferica,contextual_support,high,positive,positive,0.17,direct_score,1,all,,1,[runtime_alineado] activation_mode=high; severity_mode=direct_score; threshold_mecanismo=45. Fuerza=baja; Especificidad=baja. TG altos pueden coexistir en hipotiroidismo. Aviso rama alta: Muy altos: apoyo débil.,baja,baja
VM182,ldl_mg_dl,disfuncion_tiroidea_periferica,supporting_driver,high,positive,positive,0.37,direct_score,1,all,,1,[runtime_alineado] activation_mode=high; severity_mode=direct_score; threshold_mecanismo=45. Fuerza=media; Especificidad=baja. LDL alto acompaña con frecuencia hipotiroidismo. Aviso rama alta: Muy alto: apoyo metabólico a hipofunción.,media,baja
VM183,chol_total_mg_dl,disfuncion_tiroidea_periferica,supporting_driver,high,positive,positive,0.37,direct_score,1,all,,1,[runtime_alineado] activation_mode=high; severity_mode=direct_score; threshold_mecanismo=45. Fuerza=media; Especificidad=baja. Colesterol total alto puede acompañar hipotiroidismo. Aviso rama alta: Muy alto: apoyo metabólico a hipofunción.,media,baja
VM184,bmi_kg_m2,disfuncion_tiroidea_periferica,contextual_support,low,positive,positive,0.15,direct_score,0,all,,1,"[runtime_alineado] activation_mode=low; severity_mode=direct_score; threshold_mecanismo=45. Rama baja de asociación bidireccional. Fuerza=baja; Especificidad=baja. El peso puede ir en ambas direcciones, con baja especificidad. Aviso rama baja: Muy bajo: apoyo débil a hiperfunción o baja reserva.",baja,baja
VM185,bmi_kg_m2,disfuncion_tiroidea_periferica,contextual_support,high,positive,positive,0.15,direct_score,0,all,,1,"[runtime_alineado] activation_mode=high; severity_mode=direct_score; threshold_mecanismo=45. Rama alta de asociación bidireccional. Fuerza=baja; Especificidad=baja. El peso puede ir en ambas direcciones, con baja especificidad. Aviso rama alta: Muy alto: apoyo débil a hipofunción.",baja,baja
VM186,tsh_mIU_l,disfuncion_tiroidea_periferica,primary_driver,low,positive,positive,0.95,direct_score,0,all,,1,[runtime_alineado] activation_mode=low; severity_mode=direct_score; threshold_mecanismo=45. Rama baja de asociación bidireccional. Fuerza=alta; Especificidad=alta. TSH alta o muy baja es central para detectar disfunción tiroidea operativa. Aviso rama baja: Muy baja: sugiere eje hiperfuncionante/represión.,alta,alta
VM187,tsh_mIU_l,disfuncion_tiroidea_periferica,primary_driver,high,positive,positive,0.95,direct_score,0,all,,1,[runtime_alineado] activation_mode=high; severity_mode=direct_score; threshold_mecanismo=45. Rama alta de asociación bidireccional. Fuerza=alta; Especificidad=alta. TSH alta o muy baja es central para detectar disfunción tiroidea operativa. Aviso rama alta: Muy alta: sugiere eje hipofuncionante.,alta,alta
VM188,ft4_ng_dl,disfuncion_tiroidea_periferica,primary_driver,low,positive,positive,0.95,direct_score,0,all,,1,[runtime_alineado] activation_mode=low; severity_mode=direct_score; threshold_mecanismo=45. Rama baja de asociación bidireccional. Fuerza=alta; Especificidad=alta. FT4 alta o baja complementa la dirección del eje tiroideo. Aviso rama baja: Muy baja: sugiere hipofunción tiroidea.,alta,alta
VM189,ft4_ng_dl,disfuncion_tiroidea_periferica,primary_driver,high,positive,positive,0.95,direct_score,0,all,,1,[runtime_alineado] activation_mode=high; severity_mode=direct_score; threshold_mecanismo=45. Rama alta de asociación bidireccional. Fuerza=alta; Especificidad=alta. FT4 alta o baja complementa la dirección del eje tiroideo. Aviso rama alta: Muy alta: sugiere hiperfunción tiroidea.,alta,alta
VM190,hb_g_dl,estado_anabolico_bajo,contextual_support,low,positive,positive,0.17,direct_score,0,all,,1,[runtime_alineado] activation_mode=low; severity_mode=direct_score; threshold_mecanismo=50. Fuerza=baja; Especificidad=baja. Hemoglobina baja puede coexistir en baja reserva/nutrición. Aviso rama baja: Muy baja: añade peso clínico.,baja,baja
VM191,creatinine_mg_dl,estado_anabolico_bajo,supporting_driver,low,positive,positive,0.37,direct_score,0,all,,1,[runtime_alineado] activation_mode=low; severity_mode=direct_score; threshold_mecanismo=50. Fuerza=media; Especificidad=baja. Creatinina baja puede reflejar menor masa magra/reserva anabólica. Aviso rama baja: Muy baja: refuerza baja masa magra.,media,baja
VM192,urea_mg_dl,estado_anabolico_bajo,contextual_support,low,positive,positive,0.17,direct_score,0,all,,1,[runtime_alineado] activation_mode=low; severity_mode=direct_score; threshold_mecanismo=50. Fuerza=baja; Especificidad=baja. Urea baja puede acompañar baja ingesta/proteína disponible. Aviso rama baja: Muy baja: apoyo débil.,baja,baja
VM193,bmi_kg_m2,estado_anabolico_bajo,supporting_driver,low,positive,positive,0.37,direct_score,0,all,,1,[runtime_alineado] activation_mode=low; severity_mode=direct_score; threshold_mecanismo=50. Fuerza=media; Especificidad=baja. BMI bajo apoya baja reserva global. Aviso rama baja: Muy baja: refuerza el mecanismo.,media,baja
VM194,albumin_g_dl,estado_anabolico_bajo,supporting_driver,low,positive,positive,0.37,direct_score,0,all,,1,"[runtime_alineado] activation_mode=low; severity_mode=direct_score; threshold_mecanismo=50. Fuerza=media; Especificidad=baja. Albúmina baja puede acompañar baja reserva anabólica, aunque es inespecífica. Aviso rama baja: Muy baja: apoya el mecanismo.",media,baja
VM195,hscrp_mg_l,recambio_muscular_lesion,contextual_support,high,positive,positive,0.15,direct_score,0,all,,0,"[runtime_alineado] activation_mode=high; severity_mode=direct_score; threshold_mecanismo=70. EXPERIMENTAL_DESACTIVADO: Faltan CK/LDH y contexto de ejercicio/lesión. Alto riesgo de confundir hígado, riñón o catabolismo. Fuerza=baja; Especificidad=baja. PCR alta puede acompañar lesión/inflamación muscular, muy inespecífica. Aviso rama alta: Muy alta: apoyo indirecto.",baja,baja
VM196,alt_u_l,recambio_muscular_lesion,contextual_support,high,positive,positive,0.15,direct_score,0,all,,0,"[runtime_alineado] activation_mode=high; severity_mode=direct_score; threshold_mecanismo=70. EXPERIMENTAL_DESACTIVADO: Faltan CK/LDH y contexto de ejercicio/lesión. Alto riesgo de confundir hígado, riñón o catabolismo. Fuerza=baja; Especificidad=baja. ALT puede elevarse levemente en contexto muscular, pero pesa más hígado. Aviso rama alta: Muy alta: priorizar hígado salvo evidencia muscular.",baja,baja
VM197,ast_u_l,recambio_muscular_lesion,supporting_driver,high,positive,positive,0.29,direct_score,0,all,,0,"[runtime_alineado] activation_mode=high; severity_mode=direct_score; threshold_mecanismo=70. EXPERIMENTAL_DESACTIVADO: Faltan CK/LDH y contexto de ejercicio/lesión. Alto riesgo de confundir hígado, riñón o catabolismo. Fuerza=media; Especificidad=baja. AST alta puede reflejar músculo además de hígado. Aviso rama alta: Muy alta: revisar músculo e hígado, idealmente con CK.",media,baja
VM198,creatinine_mg_dl,recambio_muscular_lesion,contextual_support,low,positive,positive,0.15,direct_score,0,all,,0,"[runtime_alineado] activation_mode=low; severity_mode=direct_score; threshold_mecanismo=70. EXPERIMENTAL_DESACTIVADO: Faltan CK/LDH y contexto de ejercicio/lesión. Alto riesgo de confundir hígado, riñón o catabolismo. Rama baja de asociación bidireccional. Fuerza=baja; Especificidad=baja. Creatinina alta puede acompañar masa muscular/lesión; baja, baja masa magra. Señal muy indirecta. Aviso rama baja: Muy baja: sugiere baja masa magra más que lesión.",baja,baja
VM199,creatinine_mg_dl,recambio_muscular_lesion,contextual_support,high,positive,positive,0.15,direct_score,0,all,,0,"[runtime_alineado] activation_mode=high; severity_mode=direct_score; threshold_mecanismo=70. EXPERIMENTAL_DESACTIVADO: Faltan CK/LDH y contexto de ejercicio/lesión. Alto riesgo de confundir hígado, riñón o catabolismo. Rama alta de asociación bidireccional. Fuerza=baja; Especificidad=baja. Creatinina alta puede acompañar masa muscular/lesión; baja, baja masa magra. Señal muy indirecta. Aviso rama alta: Muy alta: revisar masa muscular, lesión o función renal.",baja,baja
VM200,uric_acid_mg_dl,recambio_muscular_lesion,contextual_support,high,positive,positive,0.15,direct_score,0,all,,0,"[runtime_alineado] activation_mode=high; severity_mode=direct_score; threshold_mecanismo=70. EXPERIMENTAL_DESACTIVADO: Faltan CK/LDH y contexto de ejercicio/lesión. Alto riesgo de confundir hígado, riñón o catabolismo. Fuerza=baja; Especificidad=baja. Urato puede elevarse con mayor recambio tisular, de forma poco específica. Aviso rama alta: Muy alta: apoyo indirecto.",baja,baja
VM201,urea_mg_dl,recambio_muscular_lesion,contextual_support,high,positive,positive,0.15,direct_score,0,all,,0,"[runtime_alineado] activation_mode=high; severity_mode=direct_score; threshold_mecanismo=70. EXPERIMENTAL_DESACTIVADO: Faltan CK/LDH y contexto de ejercicio/lesión. Alto riesgo de confundir hígado, riñón o catabolismo. Fuerza=baja; Especificidad=baja. Urea alta puede acompañar catabolismo muscular, aunque también deshidratación o dieta. Aviso rama alta: Muy alta: apoyo indirecto.",baja,baja
