output_key,output_type,display_label,display_group,default_priority,default_target_variable,default_target_direction,ui_block,is_reusable,guardrail_key,short_template,long_template,followup_template,severity_style,is_enabled,notes
insulinorresistencia_clinical_pattern,clinical_pattern,Insulinorresistencia,metabolico,5,glucose_mg_dl,up,executive_summary,0,usar_ayuno_si_variable,Predomina un patrón compatible con insulinorresistencia.,El conjunto de señales activas es compatible con insulinorresistencia. Patrón de hiperinsulinemia compensatoria y exceso adiposo visceral con tendencia a disglucemia y dislipidemia.,Repetir glucose_mg_dl y contexto metabólico en 8-12 semanas.,warning,1,generado para insulinorresistencia (mecanismo)
insulinorresistencia_clinical_message,clinical_message,Interpretación Insulinorresistencia,metabolico,5,glucose_mg_dl,up,clinical_interpretation,0,usar_ayuno_si_variable,Se observa activación de insulinorresistencia.,La combinación de analitos asociados sugiere activación de insulinorresistencia con relevancia en el dominio metabólico.,Repetir glucose_mg_dl y contexto metabólico en 8-12 semanas.,warning,1,generado para insulinorresistencia (mecanismo)
insulinorresistencia_nutrition_action,nutrition_action,Priorizar abordaje de Insulinorresistencia,metabolico,5,glucose_mg_dl,down,action_plan,0,usar_ayuno_si_variable,Conviene priorizar intervención sobre insulinorresistencia.,Este eje merece un plan dirigido a modular insulinorresistencia y mejorar la trayectoria del marcador diana glucose_mg_dl.,Repetir glucose_mg_dl y contexto metabólico en 8-12 semanas.,action,1,generado para insulinorresistencia (mecanismo)
insulinorresistencia_projected_target,projected_target,Objetivo analítico en Insulinorresistencia,metabolico,4,glucose_mg_dl,down,targets,0,usar_ayuno_si_variable,glucose_mg_dl pasa a ser objetivo prioritario.,La activación de insulinorresistencia hace útil vigilar especialmente glucose_mg_dl como variable de seguimiento principal.,Repetir glucose_mg_dl y contexto metabólico en 8-12 semanas.,info,1,generado para insulinorresistencia (mecanismo)
insulinorresistencia_followup,followup,Seguimiento de Insulinorresistencia,metabolico,4,glucose_mg_dl,stability,followup,0,usar_ayuno_si_variable,Sugerido control evolutivo de insulinorresistencia.,Tiene sentido reevaluar insulinorresistencia tras un intervalo corto para comprobar dirección del cambio y coherencia clínica.,Repetir glucose_mg_dl y contexto metabólico en 8-12 semanas.,info,1,generado para insulinorresistencia (mecanismo)
insulinorresistencia_guardrail,guardrail,Contextualizar Insulinorresistencia,metabolico,3,glucose_mg_dl,mixed,guardrails,0,usar_ayuno_si_variable,Conviene contextualizar insulinorresistencia.,"Antes de sobrerinterpretar insulinorresistencia conviene revisar fase de extracción, contexto clínico, medicación y posibles causas secundarias.",Repetir glucose_mg_dl y contexto metabólico en 8-12 semanas.,guardrail,1,generado para insulinorresistencia (mecanismo)
insulinorresistencia_priority_signal,priority_signal,Prioridad Insulinorresistencia,metabolico,5,glucose_mg_dl,up,priority,0,usar_ayuno_si_variable,Alta prioridad para insulinorresistencia.,"Por su peso agregado, insulinorresistencia debe subir en la jerarquía del resumen ejecutivo y del plan de acción.",Repetir glucose_mg_dl y contexto metabólico en 8-12 semanas.,priority,1,generado para insulinorresistencia (mecanismo)
disfuncion_glucidica_clinical_pattern,clinical_pattern,Disfuncion Glucidica,metabolico,5,glucose_mg_dl,down,executive_summary,0,usar_ayuno_si_variable,Predomina un patrón compatible con disfuncion glucidica.,"El conjunto de señales activas es compatible con disfuncion glucidica. Pérdida de homeostasis glucémica; incluye hiperglucemia sostenida y, en menor medida, extremos bajos.",Repetir glucose_mg_dl y contexto metabólico en 8-12 semanas.,warning,1,generado para disfuncion_glucidica (mecanismo)
disfuncion_glucidica_clinical_message,clinical_message,Interpretación Disfuncion Glucidica,metabolico,5,glucose_mg_dl,down,clinical_interpretation,0,usar_ayuno_si_variable,Se observa activación de disfuncion glucidica.,La combinación de analitos asociados sugiere activación de disfuncion glucidica con relevancia en el dominio metabólico.,Repetir glucose_mg_dl y contexto metabólico en 8-12 semanas.,warning,1,generado para disfuncion_glucidica (mecanismo)
disfuncion_glucidica_nutrition_action,nutrition_action,Priorizar abordaje de Disfuncion Glucidica,metabolico,5,glucose_mg_dl,up,action_plan,0,usar_ayuno_si_variable,Conviene priorizar intervención sobre disfuncion glucidica.,Este eje merece un plan dirigido a modular disfuncion glucidica y mejorar la trayectoria del marcador diana glucose_mg_dl.,Repetir glucose_mg_dl y contexto metabólico en 8-12 semanas.,action,1,generado para disfuncion_glucidica (mecanismo)
disfuncion_glucidica_projected_target,projected_target,Objetivo analítico en Disfuncion Glucidica,metabolico,4,glucose_mg_dl,up,targets,0,usar_ayuno_si_variable,glucose_mg_dl pasa a ser objetivo prioritario.,La activación de disfuncion glucidica hace útil vigilar especialmente glucose_mg_dl como variable de seguimiento principal.,Repetir glucose_mg_dl y contexto metabólico en 8-12 semanas.,info,1,generado para disfuncion_glucidica (mecanismo)
disfuncion_glucidica_followup,followup,Seguimiento de Disfuncion Glucidica,metabolico,4,glucose_mg_dl,stability,followup,0,usar_ayuno_si_variable,Sugerido control evolutivo de disfuncion glucidica.,Tiene sentido reevaluar disfuncion glucidica tras un intervalo corto para comprobar dirección del cambio y coherencia clínica.,Repetir glucose_mg_dl y contexto metabólico en 8-12 semanas.,info,1,generado para disfuncion_glucidica (mecanismo)
disfuncion_glucidica_guardrail,guardrail,Contextualizar Disfuncion Glucidica,metabolico,3,glucose_mg_dl,mixed,guardrails,0,usar_ayuno_si_variable,Conviene contextualizar disfuncion glucidica.,"Antes de sobrerinterpretar disfuncion glucidica conviene revisar fase de extracción, contexto clínico, medicación y posibles causas secundarias.",Repetir glucose_mg_dl y contexto metabólico en 8-12 semanas.,guardrail,1,generado para disfuncion_glucidica (mecanismo)
disfuncion_glucidica_priority_signal,priority_signal,Prioridad Disfuncion Glucidica,metabolico,5,glucose_mg_dl,down,priority,0,usar_ayuno_si_variable,Alta prioridad para disfuncion glucidica.,"Por su peso agregado, disfuncion glucidica debe subir en la jerarquía del resumen ejecutivo y del plan de acción.",Repetir glucose_mg_dl y contexto metabólico en 8-12 semanas.,priority,1,generado para disfuncion_glucidica (mecanismo)
dislipidemia_aterogenica_clinical_pattern,clinical_pattern,Dislipidemia Aterogenica,metabolico,5,triglycerides_mg_dl,up,executive_summary,0,usar_ayuno_si_variable,Predomina un patrón compatible con dislipidemia aterogenica.,"El conjunto de señales activas es compatible con dislipidemia aterogenica. Patrón de TG altos, HDL bajo y aumento de partículas aterogénicas.",Repetir triglycerides_mg_dl y contexto metabólico en 8-12 semanas.,warning,1,generado para dislipidemia_aterogenica (mecanismo)
dislipidemia_aterogenica_clinical_message,clinical_message,Interpretación Dislipidemia Aterogenica,metabolico,5,triglycerides_mg_dl,up,clinical_interpretation,0,usar_ayuno_si_variable,Se observa activación de dislipidemia aterogenica.,La combinación de analitos asociados sugiere activación de dislipidemia aterogenica con relevancia en el dominio metabólico.,Repetir triglycerides_mg_dl y contexto metabólico en 8-12 semanas.,warning,1,generado para dislipidemia_aterogenica (mecanismo)
dislipidemia_aterogenica_nutrition_action,nutrition_action,Priorizar abordaje de Dislipidemia Aterogenica,metabolico,5,triglycerides_mg_dl,down,action_plan,0,usar_ayuno_si_variable,Conviene priorizar intervención sobre dislipidemia aterogenica.,Este eje merece un plan dirigido a modular dislipidemia aterogenica y mejorar la trayectoria del marcador diana triglycerides_mg_dl.,Repetir triglycerides_mg_dl y contexto metabólico en 8-12 semanas.,action,1,generado para dislipidemia_aterogenica (mecanismo)
dislipidemia_aterogenica_projected_target,projected_target,Objetivo analítico en Dislipidemia Aterogenica,metabolico,4,triglycerides_mg_dl,down,targets,0,usar_ayuno_si_variable,triglycerides_mg_dl pasa a ser objetivo prioritario.,La activación de dislipidemia aterogenica hace útil vigilar especialmente triglycerides_mg_dl como variable de seguimiento principal.,Repetir triglycerides_mg_dl y contexto metabólico en 8-12 semanas.,info,1,generado para dislipidemia_aterogenica (mecanismo)
dislipidemia_aterogenica_followup,followup,Seguimiento de Dislipidemia Aterogenica,metabolico,4,triglycerides_mg_dl,stability,followup,0,usar_ayuno_si_variable,Sugerido control evolutivo de dislipidemia aterogenica.,Tiene sentido reevaluar dislipidemia aterogenica tras un intervalo corto para comprobar dirección del cambio y coherencia clínica.,Repetir triglycerides_mg_dl y contexto metabólico en 8-12 semanas.,info,1,generado para dislipidemia_aterogenica (mecanismo)
dislipidemia_aterogenica_guardrail,guardrail,Contextualizar Dislipidemia Aterogenica,metabolico,3,triglycerides_mg_dl,mixed,guardrails,0,usar_ayuno_si_variable,Conviene contextualizar dislipidemia aterogenica.,"Antes de sobrerinterpretar dislipidemia aterogenica conviene revisar fase de extracción, contexto clínico, medicación y posibles causas secundarias.",Repetir triglycerides_mg_dl y contexto metabólico en 8-12 semanas.,guardrail,1,generado para dislipidemia_aterogenica (mecanismo)
dislipidemia_aterogenica_priority_signal,priority_signal,Prioridad Dislipidemia Aterogenica,metabolico,5,triglycerides_mg_dl,up,priority,0,usar_ayuno_si_variable,Alta prioridad para dislipidemia aterogenica.,"Por su peso agregado, dislipidemia aterogenica debe subir en la jerarquía del resumen ejecutivo y del plan de acción.",Repetir triglycerides_mg_dl y contexto metabólico en 8-12 semanas.,priority,1,generado para dislipidemia_aterogenica (mecanismo)
riesgo_cardiometabolico_global_clinical_pattern,clinical_pattern,Riesgo Cardiometabolico Global,metabolico,5,apob_mg_dl,up,executive_summary,0,contextualizar_resultado,Predomina un patrón compatible con riesgo cardiometabolico global.,"El conjunto de señales activas es compatible con riesgo cardiometabolico global. Integración de carga lipídica, glucídica, inflamatoria y adiposidad central.",Repetir apob_mg_dl y contexto metabólico en 8-12 semanas.,warning,1,generado para riesgo_cardiometabolico_global (patron_resumen)
riesgo_cardiometabolico_global_clinical_message,clinical_message,Interpretación Riesgo Cardiometabolico Global,metabolico,5,apob_mg_dl,up,clinical_interpretation,0,contextualizar_resultado,Se observa activación de riesgo cardiometabolico global.,La combinación de analitos asociados sugiere activación de riesgo cardiometabolico global con relevancia en el dominio metabólico.,Repetir apob_mg_dl y contexto metabólico en 8-12 semanas.,warning,1,generado para riesgo_cardiometabolico_global (patron_resumen)
riesgo_cardiometabolico_global_nutrition_action,nutrition_action,Priorizar abordaje de Riesgo Cardiometabolico Global,metabolico,5,apob_mg_dl,down,action_plan,0,contextualizar_resultado,Conviene priorizar intervención sobre riesgo cardiometabolico global.,Este eje merece un plan dirigido a modular riesgo cardiometabolico global y mejorar la trayectoria del marcador diana apob_mg_dl.,Repetir apob_mg_dl y contexto metabólico en 8-12 semanas.,action,1,generado para riesgo_cardiometabolico_global (patron_resumen)
riesgo_cardiometabolico_global_projected_target,projected_target,Objetivo analítico en Riesgo Cardiometabolico Global,metabolico,4,apob_mg_dl,down,targets,0,contextualizar_resultado,apob_mg_dl pasa a ser objetivo prioritario.,La activación de riesgo cardiometabolico global hace útil vigilar especialmente apob_mg_dl como variable de seguimiento principal.,Repetir apob_mg_dl y contexto metabólico en 8-12 semanas.,info,1,generado para riesgo_cardiometabolico_global (patron_resumen)
riesgo_cardiometabolico_global_followup,followup,Seguimiento de Riesgo Cardiometabolico Global,metabolico,4,apob_mg_dl,stability,followup,0,contextualizar_resultado,Sugerido control evolutivo de riesgo cardiometabolico global.,Tiene sentido reevaluar riesgo cardiometabolico global tras un intervalo corto para comprobar dirección del cambio y coherencia clínica.,Repetir apob_mg_dl y contexto metabólico en 8-12 semanas.,info,1,generado para riesgo_cardiometabolico_global (patron_resumen)
riesgo_cardiometabolico_global_guardrail,guardrail,Contextualizar Riesgo Cardiometabolico Global,metabolico,3,apob_mg_dl,mixed,guardrails,0,contextualizar_resultado,Conviene contextualizar riesgo cardiometabolico global.,"Antes de sobrerinterpretar riesgo cardiometabolico global conviene revisar fase de extracción, contexto clínico, medicación y posibles causas secundarias.",Repetir apob_mg_dl y contexto metabólico en 8-12 semanas.,guardrail,1,generado para riesgo_cardiometabolico_global (patron_resumen)
riesgo_cardiometabolico_global_priority_signal,priority_signal,Prioridad Riesgo Cardiometabolico Global,metabolico,5,apob_mg_dl,up,priority,0,contextualizar_resultado,Alta prioridad para riesgo cardiometabolico global.,"Por su peso agregado, riesgo cardiometabolico global debe subir en la jerarquía del resumen ejecutivo y del plan de acción.",Repetir apob_mg_dl y contexto metabólico en 8-12 semanas.,priority,1,generado para riesgo_cardiometabolico_global (patron_resumen)
carga_hiperuricemica_clinical_pattern,clinical_pattern,Carga Hiperuricemica,metabolico,5,uric_acid_mg_dl,up,executive_summary,0,contextualizar_resultado,Predomina un patrón compatible con carga hiperuricemica.,El conjunto de señales activas es compatible con carga hiperuricemica. Tendencia a hiperuricemia por sobreproducción o infraexcreción en contexto metabólico.,Repetir uric_acid_mg_dl y contexto metabólico en 8-12 semanas.,warning,1,generado para carga_hiperuricemica (mecanismo)
carga_hiperuricemica_clinical_message,clinical_message,Interpretación Carga Hiperuricemica,metabolico,5,uric_acid_mg_dl,up,clinical_interpretation,0,contextualizar_resultado,Se observa activación de carga hiperuricemica.,La combinación de analitos asociados sugiere activación de carga hiperuricemica con relevancia en el dominio metabólico.,Repetir uric_acid_mg_dl y contexto metabólico en 8-12 semanas.,warning,1,generado para carga_hiperuricemica (mecanismo)
carga_hiperuricemica_nutrition_action,nutrition_action,Priorizar abordaje de Carga Hiperuricemica,metabolico,5,uric_acid_mg_dl,down,action_plan,0,contextualizar_resultado,Conviene priorizar intervención sobre carga hiperuricemica.,Este eje merece un plan dirigido a modular carga hiperuricemica y mejorar la trayectoria del marcador diana uric_acid_mg_dl.,Repetir uric_acid_mg_dl y contexto metabólico en 8-12 semanas.,action,1,generado para carga_hiperuricemica (mecanismo)
carga_hiperuricemica_projected_target,projected_target,Objetivo analítico en Carga Hiperuricemica,metabolico,4,uric_acid_mg_dl,down,targets,0,contextualizar_resultado,uric_acid_mg_dl pasa a ser objetivo prioritario.,La activación de carga hiperuricemica hace útil vigilar especialmente uric_acid_mg_dl como variable de seguimiento principal.,Repetir uric_acid_mg_dl y contexto metabólico en 8-12 semanas.,info,1,generado para carga_hiperuricemica (mecanismo)
carga_hiperuricemica_followup,followup,Seguimiento de Carga Hiperuricemica,metabolico,4,uric_acid_mg_dl,stability,followup,0,contextualizar_resultado,Sugerido control evolutivo de carga hiperuricemica.,Tiene sentido reevaluar carga hiperuricemica tras un intervalo corto para comprobar dirección del cambio y coherencia clínica.,Repetir uric_acid_mg_dl y contexto metabólico en 8-12 semanas.,info,1,generado para carga_hiperuricemica (mecanismo)
carga_hiperuricemica_guardrail,guardrail,Contextualizar Carga Hiperuricemica,metabolico,3,uric_acid_mg_dl,mixed,guardrails,0,contextualizar_resultado,Conviene contextualizar carga hiperuricemica.,"Antes de sobrerinterpretar carga hiperuricemica conviene revisar fase de extracción, contexto clínico, medicación y posibles causas secundarias.",Repetir uric_acid_mg_dl y contexto metabólico en 8-12 semanas.,guardrail,1,generado para carga_hiperuricemica (mecanismo)
carga_hiperuricemica_priority_signal,priority_signal,Prioridad Carga Hiperuricemica,metabolico,5,uric_acid_mg_dl,up,priority,0,contextualizar_resultado,Alta prioridad para carga hiperuricemica.,"Por su peso agregado, carga hiperuricemica debe subir en la jerarquía del resumen ejecutivo y del plan de acción.",Repetir uric_acid_mg_dl y contexto metabólico en 8-12 semanas.,priority,1,generado para carga_hiperuricemica (mecanismo)
sindrome_metabolico_patron_clinical_pattern,clinical_pattern,Sindrome Metabolico Patron,metabolico,5,glucose_mg_dl,up,executive_summary,0,usar_ayuno_si_variable,Predomina un patrón compatible con sindrome metabolico patron.,"El conjunto de señales activas es compatible con sindrome metabolico patron. Agrupación operativa de adiposidad central, glucosa alterada y dislipidemia aterogénica.",Repetir glucose_mg_dl y contexto metabólico en 8-12 semanas.,warning,1,generado para sindrome_metabolico_patron (patron_resumen)
sindrome_metabolico_patron_clinical_message,clinical_message,Interpretación Sindrome Metabolico Patron,metabolico,5,glucose_mg_dl,up,clinical_interpretation,0,usar_ayuno_si_variable,Se observa activación de sindrome metabolico patron.,La combinación de analitos asociados sugiere activación de sindrome metabolico patron con relevancia en el dominio metabólico.,Repetir glucose_mg_dl y contexto metabólico en 8-12 semanas.,warning,1,generado para sindrome_metabolico_patron (patron_resumen)
sindrome_metabolico_patron_nutrition_action,nutrition_action,Priorizar abordaje de Sindrome Metabolico Patron,metabolico,5,glucose_mg_dl,down,action_plan,0,usar_ayuno_si_variable,Conviene priorizar intervención sobre sindrome metabolico patron.,Este eje merece un plan dirigido a modular sindrome metabolico patron y mejorar la trayectoria del marcador diana glucose_mg_dl.,Repetir glucose_mg_dl y contexto metabólico en 8-12 semanas.,action,1,generado para sindrome_metabolico_patron (patron_resumen)
sindrome_metabolico_patron_projected_target,projected_target,Objetivo analítico en Sindrome Metabolico Patron,metabolico,4,glucose_mg_dl,down,targets,0,usar_ayuno_si_variable,glucose_mg_dl pasa a ser objetivo prioritario.,La activación de sindrome metabolico patron hace útil vigilar especialmente glucose_mg_dl como variable de seguimiento principal.,Repetir glucose_mg_dl y contexto metabólico en 8-12 semanas.,info,1,generado para sindrome_metabolico_patron (patron_resumen)
sindrome_metabolico_patron_followup,followup,Seguimiento de Sindrome Metabolico Patron,metabolico,4,glucose_mg_dl,stability,followup,0,usar_ayuno_si_variable,Sugerido control evolutivo de sindrome metabolico patron.,Tiene sentido reevaluar sindrome metabolico patron tras un intervalo corto para comprobar dirección del cambio y coherencia clínica.,Repetir glucose_mg_dl y contexto metabólico en 8-12 semanas.,info,1,generado para sindrome_metabolico_patron (patron_resumen)
sindrome_metabolico_patron_guardrail,guardrail,Contextualizar Sindrome Metabolico Patron,metabolico,3,glucose_mg_dl,mixed,guardrails,0,usar_ayuno_si_variable,Conviene contextualizar sindrome metabolico patron.,"Antes de sobrerinterpretar sindrome metabolico patron conviene revisar fase de extracción, contexto clínico, medicación y posibles causas secundarias.",Repetir glucose_mg_dl y contexto metabólico en 8-12 semanas.,guardrail,1,generado para sindrome_metabolico_patron (patron_resumen)
sindrome_metabolico_patron_priority_signal,priority_signal,Prioridad Sindrome Metabolico Patron,metabolico,5,glucose_mg_dl,up,priority,0,usar_ayuno_si_variable,Alta prioridad para sindrome metabolico patron.,"Por su peso agregado, sindrome metabolico patron debe subir en la jerarquía del resumen ejecutivo y del plan de acción.",Repetir glucose_mg_dl y contexto metabólico en 8-12 semanas.,priority,1,generado para sindrome_metabolico_patron (patron_resumen)
carga_pancreatica_glucidica_clinical_pattern,clinical_pattern,Carga Pancreatica Glucidica,metabolico,5,glucose_mg_dl,up,executive_summary,0,usar_ayuno_si_variable,Predomina un patrón compatible con carga pancreatica glucidica.,El conjunto de señales activas es compatible con carga pancreatica glucidica. Sobrecarga de la regulación pancreática de la glucosa; útil para separar compensación hiperinsulinémica.,Repetir glucose_mg_dl y contexto metabólico en 8-12 semanas.,warning,1,generado para carga_pancreatica_glucidica (mecanismo)
carga_pancreatica_glucidica_clinical_message,clinical_message,Interpretación Carga Pancreatica Glucidica,metabolico,5,glucose_mg_dl,up,clinical_interpretation,0,usar_ayuno_si_variable,Se observa activación de carga pancreatica glucidica.,La combinación de analitos asociados sugiere activación de carga pancreatica glucidica con relevancia en el dominio metabólico.,Repetir glucose_mg_dl y contexto metabólico en 8-12 semanas.,warning,1,generado para carga_pancreatica_glucidica (mecanismo)
carga_pancreatica_glucidica_nutrition_action,nutrition_action,Priorizar abordaje de Carga Pancreatica Glucidica,metabolico,5,glucose_mg_dl,down,action_plan,0,usar_ayuno_si_variable,Conviene priorizar intervención sobre carga pancreatica glucidica.,Este eje merece un plan dirigido a modular carga pancreatica glucidica y mejorar la trayectoria del marcador diana glucose_mg_dl.,Repetir glucose_mg_dl y contexto metabólico en 8-12 semanas.,action,1,generado para carga_pancreatica_glucidica (mecanismo)
carga_pancreatica_glucidica_projected_target,projected_target,Objetivo analítico en Carga Pancreatica Glucidica,metabolico,4,glucose_mg_dl,down,targets,0,usar_ayuno_si_variable,glucose_mg_dl pasa a ser objetivo prioritario.,La activación de carga pancreatica glucidica hace útil vigilar especialmente glucose_mg_dl como variable de seguimiento principal.,Repetir glucose_mg_dl y contexto metabólico en 8-12 semanas.,info,1,generado para carga_pancreatica_glucidica (mecanismo)
carga_pancreatica_glucidica_followup,followup,Seguimiento de Carga Pancreatica Glucidica,metabolico,4,glucose_mg_dl,stability,followup,0,usar_ayuno_si_variable,Sugerido control evolutivo de carga pancreatica glucidica.,Tiene sentido reevaluar carga pancreatica glucidica tras un intervalo corto para comprobar dirección del cambio y coherencia clínica.,Repetir glucose_mg_dl y contexto metabólico en 8-12 semanas.,info,1,generado para carga_pancreatica_glucidica (mecanismo)
carga_pancreatica_glucidica_guardrail,guardrail,Contextualizar Carga Pancreatica Glucidica,metabolico,3,glucose_mg_dl,mixed,guardrails,0,usar_ayuno_si_variable,Conviene contextualizar carga pancreatica glucidica.,"Antes de sobrerinterpretar carga pancreatica glucidica conviene revisar fase de extracción, contexto clínico, medicación y posibles causas secundarias.",Repetir glucose_mg_dl y contexto metabólico en 8-12 semanas.,guardrail,1,generado para carga_pancreatica_glucidica (mecanismo)
carga_pancreatica_glucidica_priority_signal,priority_signal,Prioridad Carga Pancreatica Glucidica,metabolico,5,glucose_mg_dl,up,priority,0,usar_ayuno_si_variable,Alta prioridad para carga pancreatica glucidica.,"Por su peso agregado, carga pancreatica glucidica debe subir en la jerarquía del resumen ejecutivo y del plan de acción.",Repetir glucose_mg_dl y contexto metabólico en 8-12 semanas.,priority,1,generado para carga_pancreatica_glucidica (mecanismo)
estado_purinico_clinical_pattern,clinical_pattern,Estado Purinico,metabolico,5,uric_acid_mg_dl,down,executive_summary,0,contextualizar_resultado,Predomina un patrón compatible con estado purinico.,El conjunto de señales activas es compatible con estado purinico. Lectura operativa del eje purinas/ácido úrico/excreción renal. [Usar con umbral alto: Concepto paraguas menos específico que carga hiperuricémica.],Repetir uric_acid_mg_dl y contexto metabólico en 8-12 semanas.,warning,1,generado para estado_purinico (mecanismo)
estado_purinico_clinical_message,clinical_message,Interpretación Estado Purinico,metabolico,5,uric_acid_mg_dl,down,clinical_interpretation,0,contextualizar_resultado,Se observa activación de estado purinico.,La combinación de analitos asociados sugiere activación de estado purinico con relevancia en el dominio metabólico.,Repetir uric_acid_mg_dl y contexto metabólico en 8-12 semanas.,warning,1,generado para estado_purinico (mecanismo)
estado_purinico_nutrition_action,nutrition_action,Priorizar abordaje de Estado Purinico,metabolico,5,uric_acid_mg_dl,up,action_plan,0,contextualizar_resultado,Conviene priorizar intervención sobre estado purinico.,Este eje merece un plan dirigido a modular estado purinico y mejorar la trayectoria del marcador diana uric_acid_mg_dl.,Repetir uric_acid_mg_dl y contexto metabólico en 8-12 semanas.,action,1,generado para estado_purinico (mecanismo)
estado_purinico_projected_target,projected_target,Objetivo analítico en Estado Purinico,metabolico,4,uric_acid_mg_dl,up,targets,0,contextualizar_resultado,uric_acid_mg_dl pasa a ser objetivo prioritario.,La activación de estado purinico hace útil vigilar especialmente uric_acid_mg_dl como variable de seguimiento principal.,Repetir uric_acid_mg_dl y contexto metabólico en 8-12 semanas.,info,1,generado para estado_purinico (mecanismo)
estado_purinico_followup,followup,Seguimiento de Estado Purinico,metabolico,4,uric_acid_mg_dl,stability,followup,0,contextualizar_resultado,Sugerido control evolutivo de estado purinico.,Tiene sentido reevaluar estado purinico tras un intervalo corto para comprobar dirección del cambio y coherencia clínica.,Repetir uric_acid_mg_dl y contexto metabólico en 8-12 semanas.,info,1,generado para estado_purinico (mecanismo)
estado_purinico_guardrail,guardrail,Contextualizar Estado Purinico,metabolico,3,uric_acid_mg_dl,mixed,guardrails,0,contextualizar_resultado,Conviene contextualizar estado purinico.,"Antes de sobrerinterpretar estado purinico conviene revisar fase de extracción, contexto clínico, medicación y posibles causas secundarias.",Repetir uric_acid_mg_dl y contexto metabólico en 8-12 semanas.,guardrail,1,generado para estado_purinico (mecanismo)
estado_purinico_priority_signal,priority_signal,Prioridad Estado Purinico,metabolico,5,uric_acid_mg_dl,down,priority,0,contextualizar_resultado,Alta prioridad para estado purinico.,"Por su peso agregado, estado purinico debe subir en la jerarquía del resumen ejecutivo y del plan de acción.",Repetir uric_acid_mg_dl y contexto metabólico en 8-12 semanas.,priority,1,generado para estado_purinico (mecanismo)
inflamacion_clinical_pattern,clinical_pattern,Inflamacion,inflamacion,5,hscrp_mg_l,up,executive_summary,0,contextualizar_resultado,Predomina un patrón compatible con inflamacion.,El conjunto de señales activas es compatible con inflamacion. Inflamación sistémica de baja o media intensidad detectada con reactantes y hemograma.,Repetir hscrp_mg_l y revisar causas intercurrentes en 4-8 semanas.,warning,1,generado para inflamacion (mecanismo)
inflamacion_clinical_message,clinical_message,Interpretación Inflamacion,inflamacion,5,hscrp_mg_l,up,clinical_interpretation,0,contextualizar_resultado,Se observa activación de inflamacion.,La combinación de analitos asociados sugiere activación de inflamacion con relevancia en el dominio inflamación / estrés biológico.,Repetir hscrp_mg_l y revisar causas intercurrentes en 4-8 semanas.,warning,1,generado para inflamacion (mecanismo)
inflamacion_nutrition_action,nutrition_action,Priorizar abordaje de Inflamacion,inflamacion,5,hscrp_mg_l,down,action_plan,0,contextualizar_resultado,Conviene priorizar intervención sobre inflamacion.,Este eje merece un plan dirigido a modular inflamacion y mejorar la trayectoria del marcador diana hscrp_mg_l.,Repetir hscrp_mg_l y revisar causas intercurrentes en 4-8 semanas.,action,1,generado para inflamacion (mecanismo)
inflamacion_projected_target,projected_target,Objetivo analítico en Inflamacion,inflamacion,4,hscrp_mg_l,down,targets,0,contextualizar_resultado,hscrp_mg_l pasa a ser objetivo prioritario.,La activación de inflamacion hace útil vigilar especialmente hscrp_mg_l como variable de seguimiento principal.,Repetir hscrp_mg_l y revisar causas intercurrentes en 4-8 semanas.,info,1,generado para inflamacion (mecanismo)
inflamacion_followup,followup,Seguimiento de Inflamacion,inflamacion,4,hscrp_mg_l,stability,followup,0,contextualizar_resultado,Sugerido control evolutivo de inflamacion.,Tiene sentido reevaluar inflamacion tras un intervalo corto para comprobar dirección del cambio y coherencia clínica.,Repetir hscrp_mg_l y revisar causas intercurrentes en 4-8 semanas.,info,1,generado para inflamacion (mecanismo)
inflamacion_guardrail,guardrail,Contextualizar Inflamacion,inflamacion,3,hscrp_mg_l,mixed,guardrails,0,contextualizar_resultado,Conviene contextualizar inflamacion.,"Antes de sobrerinterpretar inflamacion conviene revisar fase de extracción, contexto clínico, medicación y posibles causas secundarias.",Repetir hscrp_mg_l y revisar causas intercurrentes en 4-8 semanas.,guardrail,1,generado para inflamacion (mecanismo)
inflamacion_priority_signal,priority_signal,Prioridad Inflamacion,inflamacion,5,hscrp_mg_l,up,priority,0,contextualizar_resultado,Alta prioridad para inflamacion.,"Por su peso agregado, inflamacion debe subir en la jerarquía del resumen ejecutivo y del plan de acción.",Repetir hscrp_mg_l y revisar causas intercurrentes en 4-8 semanas.,priority,1,generado para inflamacion (mecanismo)
activacion_inmune_clinical_pattern,clinical_pattern,Activacion Inmune,inflamacion,5,wbc_x10_3_mm3,up,executive_summary,0,contextualizar_resultado,Predomina un patrón compatible con activacion inmune.,El conjunto de señales activas es compatible con activacion inmune. Activación inmunitaria o patrón leucocitario reactivo. [Usar con umbral alto: Solapa con inflamación; requiere patrón hematológico consistente.],Repetir wbc_x10_3_mm3 y revisar causas intercurrentes en 4-8 semanas.,warning,1,generado para activacion_inmune (mecanismo)
activacion_inmune_clinical_message,clinical_message,Interpretación Activacion Inmune,inflamacion,5,wbc_x10_3_mm3,up,clinical_interpretation,0,contextualizar_resultado,Se observa activación de activacion inmune.,La combinación de analitos asociados sugiere activación de activacion inmune con relevancia en el dominio inflamación / estrés biológico.,Repetir wbc_x10_3_mm3 y revisar causas intercurrentes en 4-8 semanas.,warning,1,generado para activacion_inmune (mecanismo)
activacion_inmune_nutrition_action,nutrition_action,Priorizar abordaje de Activacion Inmune,inflamacion,5,wbc_x10_3_mm3,down,action_plan,0,contextualizar_resultado,Conviene priorizar intervención sobre activacion inmune.,Este eje merece un plan dirigido a modular activacion inmune y mejorar la trayectoria del marcador diana wbc_x10_3_mm3.,Repetir wbc_x10_3_mm3 y revisar causas intercurrentes en 4-8 semanas.,action,1,generado para activacion_inmune (mecanismo)
activacion_inmune_projected_target,projected_target,Objetivo analítico en Activacion Inmune,inflamacion,4,wbc_x10_3_mm3,down,targets,0,contextualizar_resultado,wbc_x10_3_mm3 pasa a ser objetivo prioritario.,La activación de activacion inmune hace útil vigilar especialmente wbc_x10_3_mm3 como variable de seguimiento principal.,Repetir wbc_x10_3_mm3 y revisar causas intercurrentes en 4-8 semanas.,info,1,generado para activacion_inmune (mecanismo)
activacion_inmune_followup,followup,Seguimiento de Activacion Inmune,inflamacion,4,wbc_x10_3_mm3,stability,followup,0,contextualizar_resultado,Sugerido control evolutivo de activacion inmune.,Tiene sentido reevaluar activacion inmune tras un intervalo corto para comprobar dirección del cambio y coherencia clínica.,Repetir wbc_x10_3_mm3 y revisar causas intercurrentes en 4-8 semanas.,info,1,generado para activacion_inmune (mecanismo)
activacion_inmune_guardrail,guardrail,Contextualizar Activacion Inmune,inflamacion,3,wbc_x10_3_mm3,mixed,guardrails,0,contextualizar_resultado,Conviene contextualizar activacion inmune.,"Antes de sobrerinterpretar activacion inmune conviene revisar fase de extracción, contexto clínico, medicación y posibles causas secundarias.",Repetir wbc_x10_3_mm3 y revisar causas intercurrentes en 4-8 semanas.,guardrail,1,generado para activacion_inmune (mecanismo)
activacion_inmune_priority_signal,priority_signal,Prioridad Activacion Inmune,inflamacion,5,wbc_x10_3_mm3,up,priority,0,contextualizar_resultado,Alta prioridad para activacion inmune.,"Por su peso agregado, activacion inmune debe subir en la jerarquía del resumen ejecutivo y del plan de acción.",Repetir wbc_x10_3_mm3 y revisar causas intercurrentes en 4-8 semanas.,priority,1,generado para activacion_inmune (mecanismo)
estres_oxidativo_clinical_pattern,clinical_pattern,Estres Oxidativo,inflamacion,5,hscrp_mg_l,up,executive_summary,0,contextualizar_resultado,Predomina un patrón compatible con estres oxidativo.,El conjunto de señales activas es compatible con estres oxidativo. Señal indirecta de estrés oxidativo; inferencia de baja especificidad. [Usar con umbral alto: Proxy indirecto; mantener sensible solo si convergen varias anomalías.],Repetir hscrp_mg_l y revisar causas intercurrentes en 4-8 semanas.,warning,1,generado para estres_oxidativo (mecanismo)
estres_oxidativo_clinical_message,clinical_message,Interpretación Estres Oxidativo,inflamacion,5,hscrp_mg_l,up,clinical_interpretation,0,contextualizar_resultado,Se observa activación de estres oxidativo.,La combinación de analitos asociados sugiere activación de estres oxidativo con relevancia en el dominio inflamación / estrés biológico.,Repetir hscrp_mg_l y revisar causas intercurrentes en 4-8 semanas.,warning,1,generado para estres_oxidativo (mecanismo)
estres_oxidativo_nutrition_action,nutrition_action,Priorizar abordaje de Estres Oxidativo,inflamacion,5,hscrp_mg_l,down,action_plan,0,contextualizar_resultado,Conviene priorizar intervención sobre estres oxidativo.,Este eje merece un plan dirigido a modular estres oxidativo y mejorar la trayectoria del marcador diana hscrp_mg_l.,Repetir hscrp_mg_l y revisar causas intercurrentes en 4-8 semanas.,action,1,generado para estres_oxidativo (mecanismo)
estres_oxidativo_projected_target,projected_target,Objetivo analítico en Estres Oxidativo,inflamacion,4,hscrp_mg_l,down,targets,0,contextualizar_resultado,hscrp_mg_l pasa a ser objetivo prioritario.,La activación de estres oxidativo hace útil vigilar especialmente hscrp_mg_l como variable de seguimiento principal.,Repetir hscrp_mg_l y revisar causas intercurrentes en 4-8 semanas.,info,1,generado para estres_oxidativo (mecanismo)
estres_oxidativo_followup,followup,Seguimiento de Estres Oxidativo,inflamacion,4,hscrp_mg_l,stability,followup,0,contextualizar_resultado,Sugerido control evolutivo de estres oxidativo.,Tiene sentido reevaluar estres oxidativo tras un intervalo corto para comprobar dirección del cambio y coherencia clínica.,Repetir hscrp_mg_l y revisar causas intercurrentes en 4-8 semanas.,info,1,generado para estres_oxidativo (mecanismo)
estres_oxidativo_guardrail,guardrail,Contextualizar Estres Oxidativo,inflamacion,3,hscrp_mg_l,mixed,guardrails,0,contextualizar_resultado,Conviene contextualizar estres oxidativo.,"Antes de sobrerinterpretar estres oxidativo conviene revisar fase de extracción, contexto clínico, medicación y posibles causas secundarias.",Repetir hscrp_mg_l y revisar causas intercurrentes en 4-8 semanas.,guardrail,1,generado para estres_oxidativo (mecanismo)
estres_oxidativo_priority_signal,priority_signal,Prioridad Estres Oxidativo,inflamacion,5,hscrp_mg_l,up,priority,0,contextualizar_resultado,Alta prioridad para estres oxidativo.,"Por su peso agregado, estres oxidativo debe subir en la jerarquía del resumen ejecutivo y del plan de acción.",Repetir hscrp_mg_l y revisar causas intercurrentes en 4-8 semanas.,priority,1,generado para estres_oxidativo (mecanismo)
deficit_hierro_eritropoyesis_clinical_pattern,clinical_pattern,Deficit Hierro Eritropoyesis,nutricion,5,transferrin_sat_pct,down,executive_summary,0,contextualizar_resultado,Predomina un patrón compatible con deficit hierro eritropoyesis.,El conjunto de señales activas es compatible con deficit hierro eritropoyesis. Déficit de hierro funcional o absoluto con impacto eritropoyético.,Repetir transferrin_sat_pct y revisar ingesta/suplementación en 8-12 semanas.,warning,1,generado para deficit_hierro_eritropoyesis (mecanismo)
deficit_hierro_eritropoyesis_clinical_message,clinical_message,Interpretación Deficit Hierro Eritropoyesis,nutricion,5,transferrin_sat_pct,down,clinical_interpretation,0,contextualizar_resultado,Se observa activación de deficit hierro eritropoyesis.,La combinación de analitos asociados sugiere activación de deficit hierro eritropoyesis con relevancia en el dominio hematínico / nutricional.,Repetir transferrin_sat_pct y revisar ingesta/suplementación en 8-12 semanas.,warning,1,generado para deficit_hierro_eritropoyesis (mecanismo)
deficit_hierro_eritropoyesis_nutrition_action,nutrition_action,Priorizar abordaje de Deficit Hierro Eritropoyesis,nutricion,5,transferrin_sat_pct,up,action_plan,0,contextualizar_resultado,Conviene priorizar intervención sobre deficit hierro eritropoyesis.,Este eje merece un plan dirigido a modular deficit hierro eritropoyesis y mejorar la trayectoria del marcador diana transferrin_sat_pct.,Repetir transferrin_sat_pct y revisar ingesta/suplementación en 8-12 semanas.,action,1,generado para deficit_hierro_eritropoyesis (mecanismo)
deficit_hierro_eritropoyesis_projected_target,projected_target,Objetivo analítico en Deficit Hierro Eritropoyesis,nutricion,4,transferrin_sat_pct,up,targets,0,contextualizar_resultado,transferrin_sat_pct pasa a ser objetivo prioritario.,La activación de deficit hierro eritropoyesis hace útil vigilar especialmente transferrin_sat_pct como variable de seguimiento principal.,Repetir transferrin_sat_pct y revisar ingesta/suplementación en 8-12 semanas.,info,1,generado para deficit_hierro_eritropoyesis (mecanismo)
deficit_hierro_eritropoyesis_followup,followup,Seguimiento de Deficit Hierro Eritropoyesis,nutricion,4,transferrin_sat_pct,stability,followup,0,contextualizar_resultado,Sugerido control evolutivo de deficit hierro eritropoyesis.,Tiene sentido reevaluar deficit hierro eritropoyesis tras un intervalo corto para comprobar dirección del cambio y coherencia clínica.,Repetir transferrin_sat_pct y revisar ingesta/suplementación en 8-12 semanas.,info,1,generado para deficit_hierro_eritropoyesis (mecanismo)
deficit_hierro_eritropoyesis_guardrail,guardrail,Contextualizar Deficit Hierro Eritropoyesis,nutricion,3,transferrin_sat_pct,mixed,guardrails,0,contextualizar_resultado,Conviene contextualizar deficit hierro eritropoyesis.,"Antes de sobrerinterpretar deficit hierro eritropoyesis conviene revisar fase de extracción, contexto clínico, medicación y posibles causas secundarias.",Repetir transferrin_sat_pct y revisar ingesta/suplementación en 8-12 semanas.,guardrail,1,generado para deficit_hierro_eritropoyesis (mecanismo)
deficit_hierro_eritropoyesis_priority_signal,priority_signal,Prioridad Deficit Hierro Eritropoyesis,nutricion,5,transferrin_sat_pct,down,priority,0,contextualizar_resultado,Alta prioridad para deficit hierro eritropoyesis.,"Por su peso agregado, deficit hierro eritropoyesis debe subir en la jerarquía del resumen ejecutivo y del plan de acción.",Repetir transferrin_sat_pct y revisar ingesta/suplementación en 8-12 semanas.,priority,1,generado para deficit_hierro_eritropoyesis (mecanismo)
sobrecarga_ferrica_clinical_pattern,clinical_pattern,Sobrecarga Ferrica,nutricion,5,transferrin_sat_pct,up,executive_summary,0,contextualizar_resultado,Predomina un patrón compatible con sobrecarga ferrica.,El conjunto de señales activas es compatible con sobrecarga ferrica. Exceso de hierro o señal de ferritina alta con saturación aumentada.,Repetir transferrin_sat_pct y revisar ingesta/suplementación en 8-12 semanas.,warning,1,generado para sobrecarga_ferrica (mecanismo)
sobrecarga_ferrica_clinical_message,clinical_message,Interpretación Sobrecarga Ferrica,nutricion,5,transferrin_sat_pct,up,clinical_interpretation,0,contextualizar_resultado,Se observa activación de sobrecarga ferrica.,La combinación de analitos asociados sugiere activación de sobrecarga ferrica con relevancia en el dominio hematínico / nutricional.,Repetir transferrin_sat_pct y revisar ingesta/suplementación en 8-12 semanas.,warning,1,generado para sobrecarga_ferrica (mecanismo)
sobrecarga_ferrica_nutrition_action,nutrition_action,Priorizar abordaje de Sobrecarga Ferrica,nutricion,5,transferrin_sat_pct,down,action_plan,0,contextualizar_resultado,Conviene priorizar intervención sobre sobrecarga ferrica.,Este eje merece un plan dirigido a modular sobrecarga ferrica y mejorar la trayectoria del marcador diana transferrin_sat_pct.,Repetir transferrin_sat_pct y revisar ingesta/suplementación en 8-12 semanas.,action,1,generado para sobrecarga_ferrica (mecanismo)
sobrecarga_ferrica_projected_target,projected_target,Objetivo analítico en Sobrecarga Ferrica,nutricion,4,transferrin_sat_pct,down,targets,0,contextualizar_resultado,transferrin_sat_pct pasa a ser objetivo prioritario.,La activación de sobrecarga ferrica hace útil vigilar especialmente transferrin_sat_pct como variable de seguimiento principal.,Repetir transferrin_sat_pct y revisar ingesta/suplementación en 8-12 semanas.,info,1,generado para sobrecarga_ferrica (mecanismo)
sobrecarga_ferrica_followup,followup,Seguimiento de Sobrecarga Ferrica,nutricion,4,transferrin_sat_pct,stability,followup,0,contextualizar_resultado,Sugerido control evolutivo de sobrecarga ferrica.,Tiene sentido reevaluar sobrecarga ferrica tras un intervalo corto para comprobar dirección del cambio y coherencia clínica.,Repetir transferrin_sat_pct y revisar ingesta/suplementación en 8-12 semanas.,info,1,generado para sobrecarga_ferrica (mecanismo)
sobrecarga_ferrica_guardrail,guardrail,Contextualizar Sobrecarga Ferrica,nutricion,3,transferrin_sat_pct,mixed,guardrails,0,contextualizar_resultado,Conviene contextualizar sobrecarga ferrica.,"Antes de sobrerinterpretar sobrecarga ferrica conviene revisar fase de extracción, contexto clínico, medicación y posibles causas secundarias.",Repetir transferrin_sat_pct y revisar ingesta/suplementación en 8-12 semanas.,guardrail,1,generado para sobrecarga_ferrica (mecanismo)
sobrecarga_ferrica_priority_signal,priority_signal,Prioridad Sobrecarga Ferrica,nutricion,5,transferrin_sat_pct,up,priority,0,contextualizar_resultado,Alta prioridad para sobrecarga ferrica.,"Por su peso agregado, sobrecarga ferrica debe subir en la jerarquía del resumen ejecutivo y del plan de acción.",Repetir transferrin_sat_pct y revisar ingesta/suplementación en 8-12 semanas.,priority,1,generado para sobrecarga_ferrica (mecanismo)
eje_b12_folato_clinical_pattern,clinical_pattern,Eje B12 Folato,nutricion,5,vitb12_pg_ml,down,executive_summary,0,contextualizar_resultado,Predomina un patrón compatible con eje b12 folato.,El conjunto de señales activas es compatible con eje b12 folato. Déficit del eje vitamínico B12/folato con reflejo hematimétrico.,Repetir vitb12_pg_ml y revisar ingesta/suplementación en 8-12 semanas.,warning,1,generado para eje_b12_folato (mecanismo)
eje_b12_folato_clinical_message,clinical_message,Interpretación Eje B12 Folato,nutricion,5,vitb12_pg_ml,down,clinical_interpretation,0,contextualizar_resultado,Se observa activación de eje b12 folato.,La combinación de analitos asociados sugiere activación de eje b12 folato con relevancia en el dominio hematínico / nutricional.,Repetir vitb12_pg_ml y revisar ingesta/suplementación en 8-12 semanas.,warning,1,generado para eje_b12_folato (mecanismo)
eje_b12_folato_nutrition_action,nutrition_action,Priorizar abordaje de Eje B12 Folato,nutricion,5,vitb12_pg_ml,up,action_plan,0,contextualizar_resultado,Conviene priorizar intervención sobre eje b12 folato.,Este eje merece un plan dirigido a modular eje b12 folato y mejorar la trayectoria del marcador diana vitb12_pg_ml.,Repetir vitb12_pg_ml y revisar ingesta/suplementación en 8-12 semanas.,action,1,generado para eje_b12_folato (mecanismo)
eje_b12_folato_projected_target,projected_target,Objetivo analítico en Eje B12 Folato,nutricion,4,vitb12_pg_ml,up,targets,0,contextualizar_resultado,vitb12_pg_ml pasa a ser objetivo prioritario.,La activación de eje b12 folato hace útil vigilar especialmente vitb12_pg_ml como variable de seguimiento principal.,Repetir vitb12_pg_ml y revisar ingesta/suplementación en 8-12 semanas.,info,1,generado para eje_b12_folato (mecanismo)
eje_b12_folato_followup,followup,Seguimiento de Eje B12 Folato,nutricion,4,vitb12_pg_ml,stability,followup,0,contextualizar_resultado,Sugerido control evolutivo de eje b12 folato.,Tiene sentido reevaluar eje b12 folato tras un intervalo corto para comprobar dirección del cambio y coherencia clínica.,Repetir vitb12_pg_ml y revisar ingesta/suplementación en 8-12 semanas.,info,1,generado para eje_b12_folato (mecanismo)
eje_b12_folato_guardrail,guardrail,Contextualizar Eje B12 Folato,nutricion,3,vitb12_pg_ml,mixed,guardrails,0,contextualizar_resultado,Conviene contextualizar eje b12 folato.,"Antes de sobrerinterpretar eje b12 folato conviene revisar fase de extracción, contexto clínico, medicación y posibles causas secundarias.",Repetir vitb12_pg_ml y revisar ingesta/suplementación en 8-12 semanas.,guardrail,1,generado para eje_b12_folato (mecanismo)
eje_b12_folato_priority_signal,priority_signal,Prioridad Eje B12 Folato,nutricion,5,vitb12_pg_ml,down,priority,0,contextualizar_resultado,Alta prioridad para eje b12 folato.,"Por su peso agregado, eje b12 folato debe subir en la jerarquía del resumen ejecutivo y del plan de acción.",Repetir vitb12_pg_ml y revisar ingesta/suplementación en 8-12 semanas.,priority,1,generado para eje_b12_folato (mecanismo)
alteracion_metabolismo_folato_b12_homocisteina_clinical_pattern,clinical_pattern,Alteracion Metabolismo Folato B12 Homocisteina,nutricion,5,vitb12_pg_ml,down,executive_summary,0,contextualizar_resultado,Predomina un patrón compatible con alteracion metabolismo folato b12 homocisteina.,"El conjunto de señales activas es compatible con alteracion metabolismo folato b12 homocisteina. Versión ampliada del eje B12/folato; incompleta sin homocisteína ni MMA. [Usar con umbral alto: Más amplio que eje B12/folato, pero incompleto sin homocisteína real.]",Repetir vitb12_pg_ml y revisar ingesta/suplementación en 8-12 semanas.,warning,1,generado para alteracion_metabolismo_folato_b12_homocisteina (mecanismo)
alteracion_metabolismo_folato_b12_homocisteina_clinical_message,clinical_message,Interpretación Alteracion Metabolismo Folato B12 Homocisteina,nutricion,5,vitb12_pg_ml,down,clinical_interpretation,0,contextualizar_resultado,Se observa activación de alteracion metabolismo folato b12 homocisteina.,La combinación de analitos asociados sugiere activación de alteracion metabolismo folato b12 homocisteina con relevancia en el dominio hematínico / nutricional.,Repetir vitb12_pg_ml y revisar ingesta/suplementación en 8-12 semanas.,warning,1,generado para alteracion_metabolismo_folato_b12_homocisteina (mecanismo)
alteracion_metabolismo_folato_b12_homocisteina_nutrition_action,nutrition_action,Priorizar abordaje de Alteracion Metabolismo Folato B12 Homocisteina,nutricion,5,vitb12_pg_ml,up,action_plan,0,contextualizar_resultado,Conviene priorizar intervención sobre alteracion metabolismo folato b12 homocisteina.,Este eje merece un plan dirigido a modular alteracion metabolismo folato b12 homocisteina y mejorar la trayectoria del marcador diana vitb12_pg_ml.,Repetir vitb12_pg_ml y revisar ingesta/suplementación en 8-12 semanas.,action,1,generado para alteracion_metabolismo_folato_b12_homocisteina (mecanismo)
alteracion_metabolismo_folato_b12_homocisteina_projected_target,projected_target,Objetivo analítico en Alteracion Metabolismo Folato B12 Homocisteina,nutricion,4,vitb12_pg_ml,up,targets,0,contextualizar_resultado,vitb12_pg_ml pasa a ser objetivo prioritario.,La activación de alteracion metabolismo folato b12 homocisteina hace útil vigilar especialmente vitb12_pg_ml como variable de seguimiento principal.,Repetir vitb12_pg_ml y revisar ingesta/suplementación en 8-12 semanas.,info,1,generado para alteracion_metabolismo_folato_b12_homocisteina (mecanismo)
alteracion_metabolismo_folato_b12_homocisteina_followup,followup,Seguimiento de Alteracion Metabolismo Folato B12 Homocisteina,nutricion,4,vitb12_pg_ml,stability,followup,0,contextualizar_resultado,Sugerido control evolutivo de alteracion metabolismo folato b12 homocisteina.,Tiene sentido reevaluar alteracion metabolismo folato b12 homocisteina tras un intervalo corto para comprobar dirección del cambio y coherencia clínica.,Repetir vitb12_pg_ml y revisar ingesta/suplementación en 8-12 semanas.,info,1,generado para alteracion_metabolismo_folato_b12_homocisteina (mecanismo)
alteracion_metabolismo_folato_b12_homocisteina_guardrail,guardrail,Contextualizar Alteracion Metabolismo Folato B12 Homocisteina,nutricion,3,vitb12_pg_ml,mixed,guardrails,0,contextualizar_resultado,Conviene contextualizar alteracion metabolismo folato b12 homocisteina.,"Antes de sobrerinterpretar alteracion metabolismo folato b12 homocisteina conviene revisar fase de extracción, contexto clínico, medicación y posibles causas secundarias.",Repetir vitb12_pg_ml y revisar ingesta/suplementación en 8-12 semanas.,guardrail,1,generado para alteracion_metabolismo_folato_b12_homocisteina (mecanismo)
alteracion_metabolismo_folato_b12_homocisteina_priority_signal,priority_signal,Prioridad Alteracion Metabolismo Folato B12 Homocisteina,nutricion,5,vitb12_pg_ml,down,priority,0,contextualizar_resultado,Alta prioridad para alteracion metabolismo folato b12 homocisteina.,"Por su peso agregado, alteracion metabolismo folato b12 homocisteina debe subir en la jerarquía del resumen ejecutivo y del plan de acción.",Repetir vitb12_pg_ml y revisar ingesta/suplementación en 8-12 semanas.,priority,1,generado para alteracion_metabolismo_folato_b12_homocisteina (mecanismo)
deficit_proteico_catabolismo_clinical_pattern,clinical_pattern,Deficit Proteico Catabolismo,nutricion,5,albumin_g_dl,down,executive_summary,0,contextualizar_resultado,Predomina un patrón compatible con deficit proteico catabolismo.,El conjunto de señales activas es compatible con deficit proteico catabolismo. Sospecha de baja disponibilidad proteica o mayor catabolismo.,Repetir albumin_g_dl y revisar ingesta/suplementación en 8-12 semanas.,warning,1,generado para deficit_proteico_catabolismo (mecanismo)
deficit_proteico_catabolismo_clinical_message,clinical_message,Interpretación Deficit Proteico Catabolismo,nutricion,5,albumin_g_dl,down,clinical_interpretation,0,contextualizar_resultado,Se observa activación de deficit proteico catabolismo.,La combinación de analitos asociados sugiere activación de deficit proteico catabolismo con relevancia en el dominio hematínico / nutricional.,Repetir albumin_g_dl y revisar ingesta/suplementación en 8-12 semanas.,warning,1,generado para deficit_proteico_catabolismo (mecanismo)
deficit_proteico_catabolismo_nutrition_action,nutrition_action,Priorizar abordaje de Deficit Proteico Catabolismo,nutricion,5,albumin_g_dl,up,action_plan,0,contextualizar_resultado,Conviene priorizar intervención sobre deficit proteico catabolismo.,Este eje merece un plan dirigido a modular deficit proteico catabolismo y mejorar la trayectoria del marcador diana albumin_g_dl.,Repetir albumin_g_dl y revisar ingesta/suplementación en 8-12 semanas.,action,1,generado para deficit_proteico_catabolismo (mecanismo)
deficit_proteico_catabolismo_projected_target,projected_target,Objetivo analítico en Deficit Proteico Catabolismo,nutricion,4,albumin_g_dl,up,targets,0,contextualizar_resultado,albumin_g_dl pasa a ser objetivo prioritario.,La activación de deficit proteico catabolismo hace útil vigilar especialmente albumin_g_dl como variable de seguimiento principal.,Repetir albumin_g_dl y revisar ingesta/suplementación en 8-12 semanas.,info,1,generado para deficit_proteico_catabolismo (mecanismo)
deficit_proteico_catabolismo_followup,followup,Seguimiento de Deficit Proteico Catabolismo,nutricion,4,albumin_g_dl,stability,followup,0,contextualizar_resultado,Sugerido control evolutivo de deficit proteico catabolismo.,Tiene sentido reevaluar deficit proteico catabolismo tras un intervalo corto para comprobar dirección del cambio y coherencia clínica.,Repetir albumin_g_dl y revisar ingesta/suplementación en 8-12 semanas.,info,1,generado para deficit_proteico_catabolismo (mecanismo)
deficit_proteico_catabolismo_guardrail,guardrail,Contextualizar Deficit Proteico Catabolismo,nutricion,3,albumin_g_dl,mixed,guardrails,0,contextualizar_resultado,Conviene contextualizar deficit proteico catabolismo.,"Antes de sobrerinterpretar deficit proteico catabolismo conviene revisar fase de extracción, contexto clínico, medicación y posibles causas secundarias.",Repetir albumin_g_dl y revisar ingesta/suplementación en 8-12 semanas.,guardrail,1,generado para deficit_proteico_catabolismo (mecanismo)
deficit_proteico_catabolismo_priority_signal,priority_signal,Prioridad Deficit Proteico Catabolismo,nutricion,5,albumin_g_dl,down,priority,0,contextualizar_resultado,Alta prioridad para deficit proteico catabolismo.,"Por su peso agregado, deficit proteico catabolismo debe subir en la jerarquía del resumen ejecutivo y del plan de acción.",Repetir albumin_g_dl y revisar ingesta/suplementación en 8-12 semanas.,priority,1,generado para deficit_proteico_catabolismo (mecanismo)
carga_hepatica_clinical_pattern,clinical_pattern,Carga Hepatica,hepatico,5,alt_u_l,up,executive_summary,0,contextualizar_resultado,Predomina un patrón compatible con carga hepatica.,El conjunto de señales activas es compatible con carga hepatica. Estrés hepatocelular o carga metabólica hepática.,Repetir alt_u_l y perfil hepático en 4-8 semanas.,warning,1,generado para carga_hepatica (mecanismo)
carga_hepatica_clinical_message,clinical_message,Interpretación Carga Hepatica,hepatico,5,alt_u_l,up,clinical_interpretation,0,contextualizar_resultado,Se observa activación de carga hepatica.,La combinación de analitos asociados sugiere activación de carga hepatica con relevancia en el dominio hepático.,Repetir alt_u_l y perfil hepático en 4-8 semanas.,warning,1,generado para carga_hepatica (mecanismo)
carga_hepatica_nutrition_action,nutrition_action,Priorizar abordaje de Carga Hepatica,hepatico,5,alt_u_l,down,action_plan,0,contextualizar_resultado,Conviene priorizar intervención sobre carga hepatica.,Este eje merece un plan dirigido a modular carga hepatica y mejorar la trayectoria del marcador diana alt_u_l.,Repetir alt_u_l y perfil hepático en 4-8 semanas.,action,1,generado para carga_hepatica (mecanismo)
carga_hepatica_projected_target,projected_target,Objetivo analítico en Carga Hepatica,hepatico,4,alt_u_l,down,targets,0,contextualizar_resultado,alt_u_l pasa a ser objetivo prioritario.,La activación de carga hepatica hace útil vigilar especialmente alt_u_l como variable de seguimiento principal.,Repetir alt_u_l y perfil hepático en 4-8 semanas.,info,1,generado para carga_hepatica (mecanismo)
carga_hepatica_followup,followup,Seguimiento de Carga Hepatica,hepatico,4,alt_u_l,stability,followup,0,contextualizar_resultado,Sugerido control evolutivo de carga hepatica.,Tiene sentido reevaluar carga hepatica tras un intervalo corto para comprobar dirección del cambio y coherencia clínica.,Repetir alt_u_l y perfil hepático en 4-8 semanas.,info,1,generado para carga_hepatica (mecanismo)
carga_hepatica_guardrail,guardrail,Contextualizar Carga Hepatica,hepatico,3,alt_u_l,mixed,guardrails,0,contextualizar_resultado,Conviene contextualizar carga hepatica.,"Antes de sobrerinterpretar carga hepatica conviene revisar fase de extracción, contexto clínico, medicación y posibles causas secundarias.",Repetir alt_u_l y perfil hepático en 4-8 semanas.,guardrail,1,generado para carga_hepatica (mecanismo)
carga_hepatica_priority_signal,priority_signal,Prioridad Carga Hepatica,hepatico,5,alt_u_l,up,priority,0,contextualizar_resultado,Alta prioridad para carga hepatica.,"Por su peso agregado, carga hepatica debe subir en la jerarquía del resumen ejecutivo y del plan de acción.",Repetir alt_u_l y perfil hepático en 4-8 semanas.,priority,1,generado para carga_hepatica (mecanismo)
componente_hepatobiliar_clinical_pattern,clinical_pattern,Componente Hepatobiliar,hepatico,5,ggt_u_l,up,executive_summary,0,contextualizar_resultado,Predomina un patrón compatible con componente hepatobiliar.,El conjunto de señales activas es compatible con componente hepatobiliar. Componente colestásico/hepatobiliar.,Repetir ggt_u_l y perfil hepático en 4-8 semanas.,warning,1,generado para componente_hepatobiliar (mecanismo)
componente_hepatobiliar_clinical_message,clinical_message,Interpretación Componente Hepatobiliar,hepatico,5,ggt_u_l,up,clinical_interpretation,0,contextualizar_resultado,Se observa activación de componente hepatobiliar.,La combinación de analitos asociados sugiere activación de componente hepatobiliar con relevancia en el dominio hepático.,Repetir ggt_u_l y perfil hepático en 4-8 semanas.,warning,1,generado para componente_hepatobiliar (mecanismo)
componente_hepatobiliar_nutrition_action,nutrition_action,Priorizar abordaje de Componente Hepatobiliar,hepatico,5,ggt_u_l,down,action_plan,0,contextualizar_resultado,Conviene priorizar intervención sobre componente hepatobiliar.,Este eje merece un plan dirigido a modular componente hepatobiliar y mejorar la trayectoria del marcador diana ggt_u_l.,Repetir ggt_u_l y perfil hepático en 4-8 semanas.,action,1,generado para componente_hepatobiliar (mecanismo)
componente_hepatobiliar_projected_target,projected_target,Objetivo analítico en Componente Hepatobiliar,hepatico,4,ggt_u_l,down,targets,0,contextualizar_resultado,ggt_u_l pasa a ser objetivo prioritario.,La activación de componente hepatobiliar hace útil vigilar especialmente ggt_u_l como variable de seguimiento principal.,Repetir ggt_u_l y perfil hepático en 4-8 semanas.,info,1,generado para componente_hepatobiliar (mecanismo)
componente_hepatobiliar_followup,followup,Seguimiento de Componente Hepatobiliar,hepatico,4,ggt_u_l,stability,followup,0,contextualizar_resultado,Sugerido control evolutivo de componente hepatobiliar.,Tiene sentido reevaluar componente hepatobiliar tras un intervalo corto para comprobar dirección del cambio y coherencia clínica.,Repetir ggt_u_l y perfil hepático en 4-8 semanas.,info,1,generado para componente_hepatobiliar (mecanismo)
componente_hepatobiliar_guardrail,guardrail,Contextualizar Componente Hepatobiliar,hepatico,3,ggt_u_l,mixed,guardrails,0,contextualizar_resultado,Conviene contextualizar componente hepatobiliar.,"Antes de sobrerinterpretar componente hepatobiliar conviene revisar fase de extracción, contexto clínico, medicación y posibles causas secundarias.",Repetir ggt_u_l y perfil hepático en 4-8 semanas.,guardrail,1,generado para componente_hepatobiliar (mecanismo)
componente_hepatobiliar_priority_signal,priority_signal,Prioridad Componente Hepatobiliar,hepatico,5,ggt_u_l,up,priority,0,contextualizar_resultado,Alta prioridad para componente hepatobiliar.,"Por su peso agregado, componente hepatobiliar debe subir en la jerarquía del resumen ejecutivo y del plan de acción.",Repetir ggt_u_l y perfil hepático en 4-8 semanas.,priority,1,generado para componente_hepatobiliar (mecanismo)
seguridad_renal_clinical_pattern,clinical_pattern,Seguridad renal,renal,5,egfr_ml_min_1_73m2,down,executive_summary,0,confirmar_contexto_clinico,Predomina un patrón compatible con seguridad renal.,"El conjunto de señales activas es compatible con seguridad renal. Bloque de vigilancia renal, filtrado y daño renal subclínico.",Repetir egfr_ml_min_1_73m2 y contexto de hidratación/medicación en 2-6 semanas.,warning,1,generado para seguridad_renal (estado_seguridad)
seguridad_renal_clinical_message,clinical_message,Interpretación Seguridad renal,renal,5,egfr_ml_min_1_73m2,down,clinical_interpretation,0,confirmar_contexto_clinico,Se observa activación de seguridad renal.,La combinación de analitos asociados sugiere activación de seguridad renal con relevancia en el dominio renal / volumen.,Repetir egfr_ml_min_1_73m2 y contexto de hidratación/medicación en 2-6 semanas.,warning,1,generado para seguridad_renal (estado_seguridad)
seguridad_renal_nutrition_action,nutrition_action,Priorizar abordaje de Seguridad renal,renal,5,egfr_ml_min_1_73m2,up,action_plan,0,confirmar_contexto_clinico,Conviene priorizar intervención sobre seguridad renal.,Este eje merece un plan dirigido a modular seguridad renal y mejorar la trayectoria del marcador diana egfr_ml_min_1_73m2.,Repetir egfr_ml_min_1_73m2 y contexto de hidratación/medicación en 2-6 semanas.,action,1,generado para seguridad_renal (estado_seguridad)
seguridad_renal_projected_target,projected_target,Objetivo analítico en Seguridad renal,renal,4,egfr_ml_min_1_73m2,up,targets,0,confirmar_contexto_clinico,egfr_ml_min_1_73m2 pasa a ser objetivo prioritario.,La activación de seguridad renal hace útil vigilar especialmente egfr_ml_min_1_73m2 como variable de seguimiento principal.,Repetir egfr_ml_min_1_73m2 y contexto de hidratación/medicación en 2-6 semanas.,info,1,generado para seguridad_renal (estado_seguridad)
seguridad_renal_followup,followup,Seguimiento de Seguridad renal,renal,4,egfr_ml_min_1_73m2,stability,followup,0,confirmar_contexto_clinico,Sugerido control evolutivo de seguridad renal.,Tiene sentido reevaluar seguridad renal tras un intervalo corto para comprobar dirección del cambio y coherencia clínica.,Repetir egfr_ml_min_1_73m2 y contexto de hidratación/medicación en 2-6 semanas.,info,1,generado para seguridad_renal (estado_seguridad)
seguridad_renal_guardrail,guardrail,Contextualizar Seguridad renal,renal,3,egfr_ml_min_1_73m2,mixed,guardrails,0,confirmar_contexto_clinico,Conviene contextualizar seguridad renal.,"Antes de sobrerinterpretar seguridad renal conviene revisar fase de extracción, contexto clínico, medicación y posibles causas secundarias.",Repetir egfr_ml_min_1_73m2 y contexto de hidratación/medicación en 2-6 semanas.,guardrail,1,generado para seguridad_renal (estado_seguridad)
seguridad_renal_priority_signal,priority_signal,Prioridad Seguridad renal,renal,5,egfr_ml_min_1_73m2,down,priority,0,confirmar_contexto_clinico,Alta prioridad para seguridad renal.,"Por su peso agregado, seguridad renal debe subir en la jerarquía del resumen ejecutivo y del plan de acción.",Repetir egfr_ml_min_1_73m2 y contexto de hidratación/medicación en 2-6 semanas.,priority,1,generado para seguridad_renal (estado_seguridad)
deshidratacion_hemoconcentracion_clinical_pattern,clinical_pattern,Deshidratacion Hemoconcentracion,renal,5,hct_pct,up,executive_summary,0,confirmar_contexto_clinico,Predomina un patrón compatible con deshidratacion hemoconcentracion.,El conjunto de señales activas es compatible con deshidratacion hemoconcentracion. Patrón compatible con hemoconcentración o contracción de volumen.,Repetir hct_pct y contexto de hidratación/medicación en 2-6 semanas.,warning,1,generado para deshidratacion_hemoconcentracion (estado_seguridad)
deshidratacion_hemoconcentracion_clinical_message,clinical_message,Interpretación Deshidratacion Hemoconcentracion,renal,5,hct_pct,up,clinical_interpretation,0,confirmar_contexto_clinico,Se observa activación de deshidratacion hemoconcentracion.,La combinación de analitos asociados sugiere activación de deshidratacion hemoconcentracion con relevancia en el dominio renal / volumen.,Repetir hct_pct y contexto de hidratación/medicación en 2-6 semanas.,warning,1,generado para deshidratacion_hemoconcentracion (estado_seguridad)
deshidratacion_hemoconcentracion_nutrition_action,nutrition_action,Priorizar abordaje de Deshidratacion Hemoconcentracion,renal,5,hct_pct,down,action_plan,0,confirmar_contexto_clinico,Conviene priorizar intervención sobre deshidratacion hemoconcentracion.,Este eje merece un plan dirigido a modular deshidratacion hemoconcentracion y mejorar la trayectoria del marcador diana hct_pct.,Repetir hct_pct y contexto de hidratación/medicación en 2-6 semanas.,action,1,generado para deshidratacion_hemoconcentracion (estado_seguridad)
deshidratacion_hemoconcentracion_projected_target,projected_target,Objetivo analítico en Deshidratacion Hemoconcentracion,renal,4,hct_pct,down,targets,0,confirmar_contexto_clinico,hct_pct pasa a ser objetivo prioritario.,La activación de deshidratacion hemoconcentracion hace útil vigilar especialmente hct_pct como variable de seguimiento principal.,Repetir hct_pct y contexto de hidratación/medicación en 2-6 semanas.,info,1,generado para deshidratacion_hemoconcentracion (estado_seguridad)
deshidratacion_hemoconcentracion_followup,followup,Seguimiento de Deshidratacion Hemoconcentracion,renal,4,hct_pct,stability,followup,0,confirmar_contexto_clinico,Sugerido control evolutivo de deshidratacion hemoconcentracion.,Tiene sentido reevaluar deshidratacion hemoconcentracion tras un intervalo corto para comprobar dirección del cambio y coherencia clínica.,Repetir hct_pct y contexto de hidratación/medicación en 2-6 semanas.,info,1,generado para deshidratacion_hemoconcentracion (estado_seguridad)
deshidratacion_hemoconcentracion_guardrail,guardrail,Contextualizar Deshidratacion Hemoconcentracion,renal,3,hct_pct,mixed,guardrails,0,confirmar_contexto_clinico,Conviene contextualizar deshidratacion hemoconcentracion.,"Antes de sobrerinterpretar deshidratacion hemoconcentracion conviene revisar fase de extracción, contexto clínico, medicación y posibles causas secundarias.",Repetir hct_pct y contexto de hidratación/medicación en 2-6 semanas.,guardrail,1,generado para deshidratacion_hemoconcentracion (estado_seguridad)
deshidratacion_hemoconcentracion_priority_signal,priority_signal,Prioridad Deshidratacion Hemoconcentracion,renal,5,hct_pct,up,priority,0,confirmar_contexto_clinico,Alta prioridad para deshidratacion hemoconcentracion.,"Por su peso agregado, deshidratacion hemoconcentracion debe subir en la jerarquía del resumen ejecutivo y del plan de acción.",Repetir hct_pct y contexto de hidratación/medicación en 2-6 semanas.,priority,1,generado para deshidratacion_hemoconcentracion (estado_seguridad)
retencion_hidrosalina_clinical_pattern,clinical_pattern,Retencion Hidrosalina,renal,5,hct_pct,down,executive_summary,0,confirmar_contexto_clinico,Predomina un patrón compatible con retencion hidrosalina.,El conjunto de señales activas es compatible con retencion hidrosalina. Patrón compatible con expansión de volumen/hemodilución o pérdida de oncótica. [Usar con umbral alto: Sin sodio/BNP/osmolalidad; mantener umbral alto para evitar falsos positivos.],Repetir hct_pct y contexto de hidratación/medicación en 2-6 semanas.,warning,1,generado para retencion_hidrosalina (estado_seguridad)
retencion_hidrosalina_clinical_message,clinical_message,Interpretación Retencion Hidrosalina,renal,5,hct_pct,down,clinical_interpretation,0,confirmar_contexto_clinico,Se observa activación de retencion hidrosalina.,La combinación de analitos asociados sugiere activación de retencion hidrosalina con relevancia en el dominio renal / volumen.,Repetir hct_pct y contexto de hidratación/medicación en 2-6 semanas.,warning,1,generado para retencion_hidrosalina (estado_seguridad)
retencion_hidrosalina_nutrition_action,nutrition_action,Priorizar abordaje de Retencion Hidrosalina,renal,5,hct_pct,up,action_plan,0,confirmar_contexto_clinico,Conviene priorizar intervención sobre retencion hidrosalina.,Este eje merece un plan dirigido a modular retencion hidrosalina y mejorar la trayectoria del marcador diana hct_pct.,Repetir hct_pct y contexto de hidratación/medicación en 2-6 semanas.,action,1,generado para retencion_hidrosalina (estado_seguridad)
retencion_hidrosalina_projected_target,projected_target,Objetivo analítico en Retencion Hidrosalina,renal,4,hct_pct,up,targets,0,confirmar_contexto_clinico,hct_pct pasa a ser objetivo prioritario.,La activación de retencion hidrosalina hace útil vigilar especialmente hct_pct como variable de seguimiento principal.,Repetir hct_pct y contexto de hidratación/medicación en 2-6 semanas.,info,1,generado para retencion_hidrosalina (estado_seguridad)
retencion_hidrosalina_followup,followup,Seguimiento de Retencion Hidrosalina,renal,4,hct_pct,stability,followup,0,confirmar_contexto_clinico,Sugerido control evolutivo de retencion hidrosalina.,Tiene sentido reevaluar retencion hidrosalina tras un intervalo corto para comprobar dirección del cambio y coherencia clínica.,Repetir hct_pct y contexto de hidratación/medicación en 2-6 semanas.,info,1,generado para retencion_hidrosalina (estado_seguridad)
retencion_hidrosalina_guardrail,guardrail,Contextualizar Retencion Hidrosalina,renal,3,hct_pct,mixed,guardrails,0,confirmar_contexto_clinico,Conviene contextualizar retencion hidrosalina.,"Antes de sobrerinterpretar retencion hidrosalina conviene revisar fase de extracción, contexto clínico, medicación y posibles causas secundarias.",Repetir hct_pct y contexto de hidratación/medicación en 2-6 semanas.,guardrail,1,generado para retencion_hidrosalina (estado_seguridad)
retencion_hidrosalina_priority_signal,priority_signal,Prioridad Retencion Hidrosalina,renal,5,hct_pct,down,priority,0,confirmar_contexto_clinico,Alta prioridad para retencion hidrosalina.,"Por su peso agregado, retencion hidrosalina debe subir en la jerarquía del resumen ejecutivo y del plan de acción.",Repetir hct_pct y contexto de hidratación/medicación en 2-6 semanas.,priority,1,generado para retencion_hidrosalina (estado_seguridad)
resistencia_leptinica_saciedad_clinical_pattern,clinical_pattern,Resistencia Leptinica Saciedad,hormonal,5,waist_cm,up,executive_summary,0,contextualizar_resultado,Predomina un patrón compatible con resistencia leptinica saciedad.,El conjunto de señales activas es compatible con resistencia leptinica saciedad. Patrón antropométrico-metabólico sugerente de señal leptínica ineficaz; baja especificidad. [Usar con umbral alto: Sin leptina ni señales de ingesta; usar como fenotipo indirecto de adiposidad central.],Repetir waist_cm y contexto clínico-hormonal en 8-12 semanas.,warning,1,generado para resistencia_leptinica_saciedad (mecanismo)
resistencia_leptinica_saciedad_clinical_message,clinical_message,Interpretación Resistencia Leptinica Saciedad,hormonal,5,waist_cm,up,clinical_interpretation,0,contextualizar_resultado,Se observa activación de resistencia leptinica saciedad.,La combinación de analitos asociados sugiere activación de resistencia leptinica saciedad con relevancia en el dominio hormonal / saciedad.,Repetir waist_cm y contexto clínico-hormonal en 8-12 semanas.,warning,1,generado para resistencia_leptinica_saciedad (mecanismo)
resistencia_leptinica_saciedad_nutrition_action,nutrition_action,Priorizar abordaje de Resistencia Leptinica Saciedad,hormonal,5,waist_cm,down,action_plan,0,contextualizar_resultado,Conviene priorizar intervención sobre resistencia leptinica saciedad.,Este eje merece un plan dirigido a modular resistencia leptinica saciedad y mejorar la trayectoria del marcador diana waist_cm.,Repetir waist_cm y contexto clínico-hormonal en 8-12 semanas.,action,1,generado para resistencia_leptinica_saciedad (mecanismo)
resistencia_leptinica_saciedad_projected_target,projected_target,Objetivo analítico en Resistencia Leptinica Saciedad,hormonal,4,waist_cm,down,targets,0,contextualizar_resultado,waist_cm pasa a ser objetivo prioritario.,La activación de resistencia leptinica saciedad hace útil vigilar especialmente waist_cm como variable de seguimiento principal.,Repetir waist_cm y contexto clínico-hormonal en 8-12 semanas.,info,1,generado para resistencia_leptinica_saciedad (mecanismo)
resistencia_leptinica_saciedad_followup,followup,Seguimiento de Resistencia Leptinica Saciedad,hormonal,4,waist_cm,stability,followup,0,contextualizar_resultado,Sugerido control evolutivo de resistencia leptinica saciedad.,Tiene sentido reevaluar resistencia leptinica saciedad tras un intervalo corto para comprobar dirección del cambio y coherencia clínica.,Repetir waist_cm y contexto clínico-hormonal en 8-12 semanas.,info,1,generado para resistencia_leptinica_saciedad (mecanismo)
resistencia_leptinica_saciedad_guardrail,guardrail,Contextualizar Resistencia Leptinica Saciedad,hormonal,3,waist_cm,mixed,guardrails,0,contextualizar_resultado,Conviene contextualizar resistencia leptinica saciedad.,"Antes de sobrerinterpretar resistencia leptinica saciedad conviene revisar fase de extracción, contexto clínico, medicación y posibles causas secundarias.",Repetir waist_cm y contexto clínico-hormonal en 8-12 semanas.,guardrail,1,generado para resistencia_leptinica_saciedad (mecanismo)
resistencia_leptinica_saciedad_priority_signal,priority_signal,Prioridad Resistencia Leptinica Saciedad,hormonal,5,waist_cm,up,priority,0,contextualizar_resultado,Alta prioridad para resistencia leptinica saciedad.,"Por su peso agregado, resistencia leptinica saciedad debe subir en la jerarquía del resumen ejecutivo y del plan de acción.",Repetir waist_cm y contexto clínico-hormonal en 8-12 semanas.,priority,1,generado para resistencia_leptinica_saciedad (mecanismo)
disfuncion_tiroidea_periferica_clinical_pattern,clinical_pattern,Disfuncion Tiroidea Periferica,hormonal,5,tsh_mIU_l,down,executive_summary,0,contextualizar_resultado,Predomina un patrón compatible con disfuncion tiroidea periferica.,El conjunto de señales activas es compatible con disfuncion tiroidea periferica. Disfunción tiroidea operativa con TSH/FT4 y reflejo metabólico.,Repetir tsh_mIU_l y contexto clínico-hormonal en 8-12 semanas.,warning,1,generado para disfuncion_tiroidea_periferica (mecanismo)
disfuncion_tiroidea_periferica_clinical_message,clinical_message,Interpretación Disfuncion Tiroidea Periferica,hormonal,5,tsh_mIU_l,down,clinical_interpretation,0,contextualizar_resultado,Se observa activación de disfuncion tiroidea periferica.,La combinación de analitos asociados sugiere activación de disfuncion tiroidea periferica con relevancia en el dominio hormonal / saciedad.,Repetir tsh_mIU_l y contexto clínico-hormonal en 8-12 semanas.,warning,1,generado para disfuncion_tiroidea_periferica (mecanismo)
disfuncion_tiroidea_periferica_nutrition_action,nutrition_action,Priorizar abordaje de Disfuncion Tiroidea Periferica,hormonal,5,tsh_mIU_l,up,action_plan,0,contextualizar_resultado,Conviene priorizar intervención sobre disfuncion tiroidea periferica.,Este eje merece un plan dirigido a modular disfuncion tiroidea periferica y mejorar la trayectoria del marcador diana tsh_mIU_l.,Repetir tsh_mIU_l y contexto clínico-hormonal en 8-12 semanas.,action,1,generado para disfuncion_tiroidea_periferica (mecanismo)
disfuncion_tiroidea_periferica_projected_target,projected_target,Objetivo analítico en Disfuncion Tiroidea Periferica,hormonal,4,tsh_mIU_l,up,targets,0,contextualizar_resultado,tsh_mIU_l pasa a ser objetivo prioritario.,La activación de disfuncion tiroidea periferica hace útil vigilar especialmente tsh_mIU_l como variable de seguimiento principal.,Repetir tsh_mIU_l y contexto clínico-hormonal en 8-12 semanas.,info,1,generado para disfuncion_tiroidea_periferica (mecanismo)
disfuncion_tiroidea_periferica_followup,followup,Seguimiento de Disfuncion Tiroidea Periferica,hormonal,4,tsh_mIU_l,stability,followup,0,contextualizar_resultado,Sugerido control evolutivo de disfuncion tiroidea periferica.,Tiene sentido reevaluar disfuncion tiroidea periferica tras un intervalo corto para comprobar dirección del cambio y coherencia clínica.,Repetir tsh_mIU_l y contexto clínico-hormonal en 8-12 semanas.,info,1,generado para disfuncion_tiroidea_periferica (mecanismo)
disfuncion_tiroidea_periferica_guardrail,guardrail,Contextualizar Disfuncion Tiroidea Periferica,hormonal,3,tsh_mIU_l,mixed,guardrails,0,contextualizar_resultado,Conviene contextualizar disfuncion tiroidea periferica.,"Antes de sobrerinterpretar disfuncion tiroidea periferica conviene revisar fase de extracción, contexto clínico, medicación y posibles causas secundarias.",Repetir tsh_mIU_l y contexto clínico-hormonal en 8-12 semanas.,guardrail,1,generado para disfuncion_tiroidea_periferica (mecanismo)
disfuncion_tiroidea_periferica_priority_signal,priority_signal,Prioridad Disfuncion Tiroidea Periferica,hormonal,5,tsh_mIU_l,down,priority,0,contextualizar_resultado,Alta prioridad para disfuncion tiroidea periferica.,"Por su peso agregado, disfuncion tiroidea periferica debe subir en la jerarquía del resumen ejecutivo y del plan de acción.",Repetir tsh_mIU_l y contexto clínico-hormonal en 8-12 semanas.,priority,1,generado para disfuncion_tiroidea_periferica (mecanismo)
estado_anabolico_bajo_clinical_pattern,clinical_pattern,Estado Anabolico Bajo,hormonal,5,creatinine_mg_dl,down,executive_summary,0,contextualizar_resultado,Predomina un patrón compatible con estado anabolico bajo.,El conjunto de señales activas es compatible con estado anabolico bajo. Señal de baja reserva anabólica o masa magra reducida.,Repetir creatinine_mg_dl y contexto clínico-hormonal en 8-12 semanas.,warning,1,generado para estado_anabolico_bajo (mecanismo)
estado_anabolico_bajo_clinical_message,clinical_message,Interpretación Estado Anabolico Bajo,hormonal,5,creatinine_mg_dl,down,clinical_interpretation,0,contextualizar_resultado,Se observa activación de estado anabolico bajo.,La combinación de analitos asociados sugiere activación de estado anabolico bajo con relevancia en el dominio hormonal / saciedad.,Repetir creatinine_mg_dl y contexto clínico-hormonal en 8-12 semanas.,warning,1,generado para estado_anabolico_bajo (mecanismo)
estado_anabolico_bajo_nutrition_action,nutrition_action,Priorizar abordaje de Estado Anabolico Bajo,hormonal,5,creatinine_mg_dl,up,action_plan,0,contextualizar_resultado,Conviene priorizar intervención sobre estado anabolico bajo.,Este eje merece un plan dirigido a modular estado anabolico bajo y mejorar la trayectoria del marcador diana creatinine_mg_dl.,Repetir creatinine_mg_dl y contexto clínico-hormonal en 8-12 semanas.,action,1,generado para estado_anabolico_bajo (mecanismo)
estado_anabolico_bajo_projected_target,projected_target,Objetivo analítico en Estado Anabolico Bajo,hormonal,4,creatinine_mg_dl,up,targets,0,contextualizar_resultado,creatinine_mg_dl pasa a ser objetivo prioritario.,La activación de estado anabolico bajo hace útil vigilar especialmente creatinine_mg_dl como variable de seguimiento principal.,Repetir creatinine_mg_dl y contexto clínico-hormonal en 8-12 semanas.,info,1,generado para estado_anabolico_bajo (mecanismo)
estado_anabolico_bajo_followup,followup,Seguimiento de Estado Anabolico Bajo,hormonal,4,creatinine_mg_dl,stability,followup,0,contextualizar_resultado,Sugerido control evolutivo de estado anabolico bajo.,Tiene sentido reevaluar estado anabolico bajo tras un intervalo corto para comprobar dirección del cambio y coherencia clínica.,Repetir creatinine_mg_dl y contexto clínico-hormonal en 8-12 semanas.,info,1,generado para estado_anabolico_bajo (mecanismo)
estado_anabolico_bajo_guardrail,guardrail,Contextualizar Estado Anabolico Bajo,hormonal,3,creatinine_mg_dl,mixed,guardrails,0,contextualizar_resultado,Conviene contextualizar estado anabolico bajo.,"Antes de sobrerinterpretar estado anabolico bajo conviene revisar fase de extracción, contexto clínico, medicación y posibles causas secundarias.",Repetir creatinine_mg_dl y contexto clínico-hormonal en 8-12 semanas.,guardrail,1,generado para estado_anabolico_bajo (mecanismo)
estado_anabolico_bajo_priority_signal,priority_signal,Prioridad Estado Anabolico Bajo,hormonal,5,creatinine_mg_dl,down,priority,0,contextualizar_resultado,Alta prioridad para estado anabolico bajo.,"Por su peso agregado, estado anabolico bajo debe subir en la jerarquía del resumen ejecutivo y del plan de acción.",Repetir creatinine_mg_dl y contexto clínico-hormonal en 8-12 semanas.,priority,1,generado para estado_anabolico_bajo (mecanismo)
