link_id,mechanism_id,output_type,output_key,priority,strength_mode,min_activation,max_activation,condition_context,message_short,message_long,target_variable,target_direction,followup_hint,guardrail_key,is_enabled,notes
MS001,insulinorresistencia,clinical_pattern,insulinorresistencia_clinical_pattern,5,inherit_activation,20,,none,Predomina un patrón compatible con insulinorresistencia.,El conjunto de señales activas es compatible con insulinorresistencia. Patrón de hiperinsulinemia compensatoria y exceso adiposo visceral con tendencia a disglucemia y dislipidemia.,glucose_mg_dl,up,Repetir glucose_mg_dl y contexto metabólico en 8-12 semanas.,usar_ayuno_si_variable,1,alineado a mecanismo / threshold=45
MS002,insulinorresistencia,clinical_message,insulinorresistencia_clinical_message,5,inherit_activation,25,,none,Se observa activación de insulinorresistencia.,La combinación de analitos asociados sugiere activación de insulinorresistencia con relevancia en el dominio metabólico.,glucose_mg_dl,up,Repetir glucose_mg_dl y contexto metabólico en 8-12 semanas.,usar_ayuno_si_variable,1,alineado a mecanismo / threshold=45
MS003,insulinorresistencia,nutrition_action,insulinorresistencia_nutrition_action,5,scaled,30,,none,Conviene priorizar intervención sobre insulinorresistencia.,Este eje merece un plan dirigido a modular insulinorresistencia y mejorar la trayectoria del marcador diana glucose_mg_dl.,glucose_mg_dl,down,Repetir glucose_mg_dl y contexto metabólico en 8-12 semanas.,usar_ayuno_si_variable,1,alineado a mecanismo / threshold=45
MS004,insulinorresistencia,projected_target,insulinorresistencia_projected_target,4,inherit_activation,35,,none,glucose_mg_dl pasa a ser objetivo prioritario.,La activación de insulinorresistencia hace útil vigilar especialmente glucose_mg_dl como variable de seguimiento principal.,glucose_mg_dl,down,Repetir glucose_mg_dl y contexto metabólico en 8-12 semanas.,usar_ayuno_si_variable,1,alineado a mecanismo / threshold=45
MS005,insulinorresistencia,followup,insulinorresistencia_followup,4,binary,20,,none,Sugerido control evolutivo de insulinorresistencia.,Tiene sentido reevaluar insulinorresistencia tras un intervalo corto para comprobar dirección del cambio y coherencia clínica.,glucose_mg_dl,stability,Repetir glucose_mg_dl y contexto metabólico en 8-12 semanas.,usar_ayuno_si_variable,1,alineado a mecanismo / threshold=45
MS006,insulinorresistencia,guardrail,insulinorresistencia_guardrail,3,binary,20,,none,Conviene contextualizar insulinorresistencia.,"Antes de sobrerinterpretar insulinorresistencia conviene revisar fase de extracción, contexto clínico, medicación y posibles causas secundarias.",glucose_mg_dl,mixed,Repetir glucose_mg_dl y contexto metabólico en 8-12 semanas.,usar_ayuno_si_variable,1,alineado a mecanismo / threshold=45
MS007,insulinorresistencia,priority_signal,insulinorresistencia_priority_signal,5,capped,40,,none,Alta prioridad para insulinorresistencia.,"Por su peso agregado, insulinorresistencia debe subir en la jerarquía del resumen ejecutivo y del plan de acción.",glucose_mg_dl,up,Repetir glucose_mg_dl y contexto metabólico en 8-12 semanas.,usar_ayuno_si_variable,1,alineado a mecanismo / threshold=45
MS008,disfuncion_glucidica,clinical_pattern,disfuncion_glucidica_clinical_pattern,5,inherit_activation,20,,none,Predomina un patrón compatible con disfuncion glucidica.,"El conjunto de señales activas es compatible con disfuncion glucidica. Pérdida de homeostasis glucémica; incluye hiperglucemia sostenida y, en menor medida, extremos bajos.",glucose_mg_dl,down,Repetir glucose_mg_dl y contexto metabólico en 8-12 semanas.,usar_ayuno_si_variable,1,alineado a mecanismo / threshold=40
MS009,disfuncion_glucidica,clinical_message,disfuncion_glucidica_clinical_message,5,inherit_activation,25,,none,Se observa activación de disfuncion glucidica.,La combinación de analitos asociados sugiere activación de disfuncion glucidica con relevancia en el dominio metabólico.,glucose_mg_dl,down,Repetir glucose_mg_dl y contexto metabólico en 8-12 semanas.,usar_ayuno_si_variable,1,alineado a mecanismo / threshold=40
MS010,disfuncion_glucidica,nutrition_action,disfuncion_glucidica_nutrition_action,5,scaled,30,,none,Conviene priorizar intervención sobre disfuncion glucidica.,Este eje merece un plan dirigido a modular disfuncion glucidica y mejorar la trayectoria del marcador diana glucose_mg_dl.,glucose_mg_dl,up,Repetir glucose_mg_dl y contexto metabólico en 8-12 semanas.,usar_ayuno_si_variable,1,alineado a mecanismo / threshold=40
MS011,disfuncion_glucidica,projected_target,disfuncion_glucidica_projected_target,4,inherit_activation,35,,none,glucose_mg_dl pasa a ser objetivo prioritario.,La activación de disfuncion glucidica hace útil vigilar especialmente glucose_mg_dl como variable de seguimiento principal.,glucose_mg_dl,up,Repetir glucose_mg_dl y contexto metabólico en 8-12 semanas.,usar_ayuno_si_variable,1,alineado a mecanismo / threshold=40
MS012,disfuncion_glucidica,followup,disfuncion_glucidica_followup,4,binary,20,,none,Sugerido control evolutivo de disfuncion glucidica.,Tiene sentido reevaluar disfuncion glucidica tras un intervalo corto para comprobar dirección del cambio y coherencia clínica.,glucose_mg_dl,stability,Repetir glucose_mg_dl y contexto metabólico en 8-12 semanas.,usar_ayuno_si_variable,1,alineado a mecanismo / threshold=40
MS013,disfuncion_glucidica,guardrail,disfuncion_glucidica_guardrail,3,binary,20,,none,Conviene contextualizar disfuncion glucidica.,"Antes de sobrerinterpretar disfuncion glucidica conviene revisar fase de extracción, contexto clínico, medicación y posibles causas secundarias.",glucose_mg_dl,mixed,Repetir glucose_mg_dl y contexto metabólico en 8-12 semanas.,usar_ayuno_si_variable,1,alineado a mecanismo / threshold=40
MS014,disfuncion_glucidica,priority_signal,disfuncion_glucidica_priority_signal,5,capped,40,,none,Alta prioridad para disfuncion glucidica.,"Por su peso agregado, disfuncion glucidica debe subir en la jerarquía del resumen ejecutivo y del plan de acción.",glucose_mg_dl,down,Repetir glucose_mg_dl y contexto metabólico en 8-12 semanas.,usar_ayuno_si_variable,1,alineado a mecanismo / threshold=40
MS015,dislipidemia_aterogenica,clinical_pattern,dislipidemia_aterogenica_clinical_pattern,5,inherit_activation,20,,none,Predomina un patrón compatible con dislipidemia aterogenica.,"El conjunto de señales activas es compatible con dislipidemia aterogenica. Patrón de TG altos, HDL bajo y aumento de partículas aterogénicas.",triglycerides_mg_dl,up,Repetir triglycerides_mg_dl y contexto metabólico en 8-12 semanas.,usar_ayuno_si_variable,1,alineado a mecanismo / threshold=45
MS016,dislipidemia_aterogenica,clinical_message,dislipidemia_aterogenica_clinical_message,5,inherit_activation,25,,none,Se observa activación de dislipidemia aterogenica.,La combinación de analitos asociados sugiere activación de dislipidemia aterogenica con relevancia en el dominio metabólico.,triglycerides_mg_dl,up,Repetir triglycerides_mg_dl y contexto metabólico en 8-12 semanas.,usar_ayuno_si_variable,1,alineado a mecanismo / threshold=45
MS017,dislipidemia_aterogenica,nutrition_action,dislipidemia_aterogenica_nutrition_action,5,scaled,30,,none,Conviene priorizar intervención sobre dislipidemia aterogenica.,Este eje merece un plan dirigido a modular dislipidemia aterogenica y mejorar la trayectoria del marcador diana triglycerides_mg_dl.,triglycerides_mg_dl,down,Repetir triglycerides_mg_dl y contexto metabólico en 8-12 semanas.,usar_ayuno_si_variable,1,alineado a mecanismo / threshold=45
MS018,dislipidemia_aterogenica,projected_target,dislipidemia_aterogenica_projected_target,4,inherit_activation,35,,none,triglycerides_mg_dl pasa a ser objetivo prioritario.,La activación de dislipidemia aterogenica hace útil vigilar especialmente triglycerides_mg_dl como variable de seguimiento principal.,triglycerides_mg_dl,down,Repetir triglycerides_mg_dl y contexto metabólico en 8-12 semanas.,usar_ayuno_si_variable,1,alineado a mecanismo / threshold=45
MS019,dislipidemia_aterogenica,followup,dislipidemia_aterogenica_followup,4,binary,20,,none,Sugerido control evolutivo de dislipidemia aterogenica.,Tiene sentido reevaluar dislipidemia aterogenica tras un intervalo corto para comprobar dirección del cambio y coherencia clínica.,triglycerides_mg_dl,stability,Repetir triglycerides_mg_dl y contexto metabólico en 8-12 semanas.,usar_ayuno_si_variable,1,alineado a mecanismo / threshold=45
MS020,dislipidemia_aterogenica,guardrail,dislipidemia_aterogenica_guardrail,3,binary,20,,none,Conviene contextualizar dislipidemia aterogenica.,"Antes de sobrerinterpretar dislipidemia aterogenica conviene revisar fase de extracción, contexto clínico, medicación y posibles causas secundarias.",triglycerides_mg_dl,mixed,Repetir triglycerides_mg_dl y contexto metabólico en 8-12 semanas.,usar_ayuno_si_variable,1,alineado a mecanismo / threshold=45
MS021,dislipidemia_aterogenica,priority_signal,dislipidemia_aterogenica_priority_signal,5,capped,40,,none,Alta prioridad para dislipidemia aterogenica.,"Por su peso agregado, dislipidemia aterogenica debe subir en la jerarquía del resumen ejecutivo y del plan de acción.",triglycerides_mg_dl,up,Repetir triglycerides_mg_dl y contexto metabólico en 8-12 semanas.,usar_ayuno_si_variable,1,alineado a mecanismo / threshold=45
MS022,riesgo_cardiometabolico_global,clinical_pattern,riesgo_cardiometabolico_global_clinical_pattern,5,inherit_activation,20,,none,Predomina un patrón compatible con riesgo cardiometabolico global.,"El conjunto de señales activas es compatible con riesgo cardiometabolico global. Integración de carga lipídica, glucídica, inflamatoria y adiposidad central.",apob_mg_dl,up,Repetir apob_mg_dl y contexto metabólico en 8-12 semanas.,contextualizar_resultado,1,alineado a patron_resumen / threshold=65
MS023,riesgo_cardiometabolico_global,clinical_message,riesgo_cardiometabolico_global_clinical_message,5,inherit_activation,25,,none,Se observa activación de riesgo cardiometabolico global.,La combinación de analitos asociados sugiere activación de riesgo cardiometabolico global con relevancia en el dominio metabólico.,apob_mg_dl,up,Repetir apob_mg_dl y contexto metabólico en 8-12 semanas.,contextualizar_resultado,1,alineado a patron_resumen / threshold=65
MS024,riesgo_cardiometabolico_global,nutrition_action,riesgo_cardiometabolico_global_nutrition_action,5,scaled,30,,none,Conviene priorizar intervención sobre riesgo cardiometabolico global.,Este eje merece un plan dirigido a modular riesgo cardiometabolico global y mejorar la trayectoria del marcador diana apob_mg_dl.,apob_mg_dl,down,Repetir apob_mg_dl y contexto metabólico en 8-12 semanas.,contextualizar_resultado,1,alineado a patron_resumen / threshold=65
MS025,riesgo_cardiometabolico_global,projected_target,riesgo_cardiometabolico_global_projected_target,4,inherit_activation,35,,none,apob_mg_dl pasa a ser objetivo prioritario.,La activación de riesgo cardiometabolico global hace útil vigilar especialmente apob_mg_dl como variable de seguimiento principal.,apob_mg_dl,down,Repetir apob_mg_dl y contexto metabólico en 8-12 semanas.,contextualizar_resultado,1,alineado a patron_resumen / threshold=65
MS026,riesgo_cardiometabolico_global,followup,riesgo_cardiometabolico_global_followup,4,binary,20,,none,Sugerido control evolutivo de riesgo cardiometabolico global.,Tiene sentido reevaluar riesgo cardiometabolico global tras un intervalo corto para comprobar dirección del cambio y coherencia clínica.,apob_mg_dl,stability,Repetir apob_mg_dl y contexto metabólico en 8-12 semanas.,contextualizar_resultado,1,alineado a patron_resumen / threshold=65
MS027,riesgo_cardiometabolico_global,guardrail,riesgo_cardiometabolico_global_guardrail,3,binary,20,,none,Conviene contextualizar riesgo cardiometabolico global.,"Antes de sobrerinterpretar riesgo cardiometabolico global conviene revisar fase de extracción, contexto clínico, medicación y posibles causas secundarias.",apob_mg_dl,mixed,Repetir apob_mg_dl y contexto metabólico en 8-12 semanas.,contextualizar_resultado,1,alineado a patron_resumen / threshold=65
MS028,riesgo_cardiometabolico_global,priority_signal,riesgo_cardiometabolico_global_priority_signal,5,capped,40,,none,Alta prioridad para riesgo cardiometabolico global.,"Por su peso agregado, riesgo cardiometabolico global debe subir en la jerarquía del resumen ejecutivo y del plan de acción.",apob_mg_dl,up,Repetir apob_mg_dl y contexto metabólico en 8-12 semanas.,contextualizar_resultado,1,alineado a patron_resumen / threshold=65
MS029,carga_hiperuricemica,clinical_pattern,carga_hiperuricemica_clinical_pattern,5,inherit_activation,20,,none,Predomina un patrón compatible con carga hiperuricemica.,El conjunto de señales activas es compatible con carga hiperuricemica. Tendencia a hiperuricemia por sobreproducción o infraexcreción en contexto metabólico.,uric_acid_mg_dl,up,Repetir uric_acid_mg_dl y contexto metabólico en 8-12 semanas.,contextualizar_resultado,1,alineado a mecanismo / threshold=45
MS030,carga_hiperuricemica,clinical_message,carga_hiperuricemica_clinical_message,5,inherit_activation,25,,none,Se observa activación de carga hiperuricemica.,La combinación de analitos asociados sugiere activación de carga hiperuricemica con relevancia en el dominio metabólico.,uric_acid_mg_dl,up,Repetir uric_acid_mg_dl y contexto metabólico en 8-12 semanas.,contextualizar_resultado,1,alineado a mecanismo / threshold=45
MS031,carga_hiperuricemica,nutrition_action,carga_hiperuricemica_nutrition_action,5,scaled,30,,none,Conviene priorizar intervención sobre carga hiperuricemica.,Este eje merece un plan dirigido a modular carga hiperuricemica y mejorar la trayectoria del marcador diana uric_acid_mg_dl.,uric_acid_mg_dl,down,Repetir uric_acid_mg_dl y contexto metabólico en 8-12 semanas.,contextualizar_resultado,1,alineado a mecanismo / threshold=45
MS032,carga_hiperuricemica,projected_target,carga_hiperuricemica_projected_target,4,inherit_activation,35,,none,uric_acid_mg_dl pasa a ser objetivo prioritario.,La activación de carga hiperuricemica hace útil vigilar especialmente uric_acid_mg_dl como variable de seguimiento principal.,uric_acid_mg_dl,down,Repetir uric_acid_mg_dl y contexto metabólico en 8-12 semanas.,contextualizar_resultado,1,alineado a mecanismo / threshold=45
MS033,carga_hiperuricemica,followup,carga_hiperuricemica_followup,4,binary,20,,none,Sugerido control evolutivo de carga hiperuricemica.,Tiene sentido reevaluar carga hiperuricemica tras un intervalo corto para comprobar dirección del cambio y coherencia clínica.,uric_acid_mg_dl,stability,Repetir uric_acid_mg_dl y contexto metabólico en 8-12 semanas.,contextualizar_resultado,1,alineado a mecanismo / threshold=45
MS034,carga_hiperuricemica,guardrail,carga_hiperuricemica_guardrail,3,binary,20,,none,Conviene contextualizar carga hiperuricemica.,"Antes de sobrerinterpretar carga hiperuricemica conviene revisar fase de extracción, contexto clínico, medicación y posibles causas secundarias.",uric_acid_mg_dl,mixed,Repetir uric_acid_mg_dl y contexto metabólico en 8-12 semanas.,contextualizar_resultado,1,alineado a mecanismo / threshold=45
MS035,carga_hiperuricemica,priority_signal,carga_hiperuricemica_priority_signal,5,capped,40,,none,Alta prioridad para carga hiperuricemica.,"Por su peso agregado, carga hiperuricemica debe subir en la jerarquía del resumen ejecutivo y del plan de acción.",uric_acid_mg_dl,up,Repetir uric_acid_mg_dl y contexto metabólico en 8-12 semanas.,contextualizar_resultado,1,alineado a mecanismo / threshold=45
MS036,sindrome_metabolico_patron,clinical_pattern,sindrome_metabolico_patron_clinical_pattern,5,inherit_activation,20,,none,Predomina un patrón compatible con sindrome metabolico patron.,"El conjunto de señales activas es compatible con sindrome metabolico patron. Agrupación operativa de adiposidad central, glucosa alterada y dislipidemia aterogénica.",glucose_mg_dl,up,Repetir glucose_mg_dl y contexto metabólico en 8-12 semanas.,usar_ayuno_si_variable,1,alineado a patron_resumen / threshold=65
MS037,sindrome_metabolico_patron,clinical_message,sindrome_metabolico_patron_clinical_message,5,inherit_activation,25,,none,Se observa activación de sindrome metabolico patron.,La combinación de analitos asociados sugiere activación de sindrome metabolico patron con relevancia en el dominio metabólico.,glucose_mg_dl,up,Repetir glucose_mg_dl y contexto metabólico en 8-12 semanas.,usar_ayuno_si_variable,1,alineado a patron_resumen / threshold=65
MS038,sindrome_metabolico_patron,nutrition_action,sindrome_metabolico_patron_nutrition_action,5,scaled,30,,none,Conviene priorizar intervención sobre sindrome metabolico patron.,Este eje merece un plan dirigido a modular sindrome metabolico patron y mejorar la trayectoria del marcador diana glucose_mg_dl.,glucose_mg_dl,down,Repetir glucose_mg_dl y contexto metabólico en 8-12 semanas.,usar_ayuno_si_variable,1,alineado a patron_resumen / threshold=65
MS039,sindrome_metabolico_patron,projected_target,sindrome_metabolico_patron_projected_target,4,inherit_activation,35,,none,glucose_mg_dl pasa a ser objetivo prioritario.,La activación de sindrome metabolico patron hace útil vigilar especialmente glucose_mg_dl como variable de seguimiento principal.,glucose_mg_dl,down,Repetir glucose_mg_dl y contexto metabólico en 8-12 semanas.,usar_ayuno_si_variable,1,alineado a patron_resumen / threshold=65
MS040,sindrome_metabolico_patron,followup,sindrome_metabolico_patron_followup,4,binary,20,,none,Sugerido control evolutivo de sindrome metabolico patron.,Tiene sentido reevaluar sindrome metabolico patron tras un intervalo corto para comprobar dirección del cambio y coherencia clínica.,glucose_mg_dl,stability,Repetir glucose_mg_dl y contexto metabólico en 8-12 semanas.,usar_ayuno_si_variable,1,alineado a patron_resumen / threshold=65
MS041,sindrome_metabolico_patron,guardrail,sindrome_metabolico_patron_guardrail,3,binary,20,,none,Conviene contextualizar sindrome metabolico patron.,"Antes de sobrerinterpretar sindrome metabolico patron conviene revisar fase de extracción, contexto clínico, medicación y posibles causas secundarias.",glucose_mg_dl,mixed,Repetir glucose_mg_dl y contexto metabólico en 8-12 semanas.,usar_ayuno_si_variable,1,alineado a patron_resumen / threshold=65
MS042,sindrome_metabolico_patron,priority_signal,sindrome_metabolico_patron_priority_signal,5,capped,40,,none,Alta prioridad para sindrome metabolico patron.,"Por su peso agregado, sindrome metabolico patron debe subir en la jerarquía del resumen ejecutivo y del plan de acción.",glucose_mg_dl,up,Repetir glucose_mg_dl y contexto metabólico en 8-12 semanas.,usar_ayuno_si_variable,1,alineado a patron_resumen / threshold=65
MS043,carga_pancreatica_glucidica,clinical_pattern,carga_pancreatica_glucidica_clinical_pattern,5,inherit_activation,20,,none,Predomina un patrón compatible con carga pancreatica glucidica.,El conjunto de señales activas es compatible con carga pancreatica glucidica. Sobrecarga de la regulación pancreática de la glucosa; útil para separar compensación hiperinsulinémica.,glucose_mg_dl,up,Repetir glucose_mg_dl y contexto metabólico en 8-12 semanas.,usar_ayuno_si_variable,1,alineado a mecanismo / threshold=45
MS044,carga_pancreatica_glucidica,clinical_message,carga_pancreatica_glucidica_clinical_message,5,inherit_activation,25,,none,Se observa activación de carga pancreatica glucidica.,La combinación de analitos asociados sugiere activación de carga pancreatica glucidica con relevancia en el dominio metabólico.,glucose_mg_dl,up,Repetir glucose_mg_dl y contexto metabólico en 8-12 semanas.,usar_ayuno_si_variable,1,alineado a mecanismo / threshold=45
MS045,carga_pancreatica_glucidica,nutrition_action,carga_pancreatica_glucidica_nutrition_action,5,scaled,30,,none,Conviene priorizar intervención sobre carga pancreatica glucidica.,Este eje merece un plan dirigido a modular carga pancreatica glucidica y mejorar la trayectoria del marcador diana glucose_mg_dl.,glucose_mg_dl,down,Repetir glucose_mg_dl y contexto metabólico en 8-12 semanas.,usar_ayuno_si_variable,1,alineado a mecanismo / threshold=45
MS046,carga_pancreatica_glucidica,projected_target,carga_pancreatica_glucidica_projected_target,4,inherit_activation,35,,none,glucose_mg_dl pasa a ser objetivo prioritario.,La activación de carga pancreatica glucidica hace útil vigilar especialmente glucose_mg_dl como variable de seguimiento principal.,glucose_mg_dl,down,Repetir glucose_mg_dl y contexto metabólico en 8-12 semanas.,usar_ayuno_si_variable,1,alineado a mecanismo / threshold=45
MS047,carga_pancreatica_glucidica,followup,carga_pancreatica_glucidica_followup,4,binary,20,,none,Sugerido control evolutivo de carga pancreatica glucidica.,Tiene sentido reevaluar carga pancreatica glucidica tras un intervalo corto para comprobar dirección del cambio y coherencia clínica.,glucose_mg_dl,stability,Repetir glucose_mg_dl y contexto metabólico en 8-12 semanas.,usar_ayuno_si_variable,1,alineado a mecanismo / threshold=45
MS048,carga_pancreatica_glucidica,guardrail,carga_pancreatica_glucidica_guardrail,3,binary,20,,none,Conviene contextualizar carga pancreatica glucidica.,"Antes de sobrerinterpretar carga pancreatica glucidica conviene revisar fase de extracción, contexto clínico, medicación y posibles causas secundarias.",glucose_mg_dl,mixed,Repetir glucose_mg_dl y contexto metabólico en 8-12 semanas.,usar_ayuno_si_variable,1,alineado a mecanismo / threshold=45
MS049,carga_pancreatica_glucidica,priority_signal,carga_pancreatica_glucidica_priority_signal,5,capped,40,,none,Alta prioridad para carga pancreatica glucidica.,"Por su peso agregado, carga pancreatica glucidica debe subir en la jerarquía del resumen ejecutivo y del plan de acción.",glucose_mg_dl,up,Repetir glucose_mg_dl y contexto metabólico en 8-12 semanas.,usar_ayuno_si_variable,1,alineado a mecanismo / threshold=45
MS050,estado_purinico,clinical_pattern,estado_purinico_clinical_pattern,5,inherit_activation,20,,none,Predomina un patrón compatible con estado purinico.,El conjunto de señales activas es compatible con estado purinico. Lectura operativa del eje purinas/ácido úrico/excreción renal. [Usar con umbral alto: Concepto paraguas menos específico que carga hiperuricémica.],uric_acid_mg_dl,down,Repetir uric_acid_mg_dl y contexto metabólico en 8-12 semanas.,contextualizar_resultado,1,alineado a mecanismo / threshold=55
MS051,estado_purinico,clinical_message,estado_purinico_clinical_message,5,inherit_activation,25,,none,Se observa activación de estado purinico.,La combinación de analitos asociados sugiere activación de estado purinico con relevancia en el dominio metabólico.,uric_acid_mg_dl,down,Repetir uric_acid_mg_dl y contexto metabólico en 8-12 semanas.,contextualizar_resultado,1,alineado a mecanismo / threshold=55
MS052,estado_purinico,nutrition_action,estado_purinico_nutrition_action,5,scaled,30,,none,Conviene priorizar intervención sobre estado purinico.,Este eje merece un plan dirigido a modular estado purinico y mejorar la trayectoria del marcador diana uric_acid_mg_dl.,uric_acid_mg_dl,up,Repetir uric_acid_mg_dl y contexto metabólico en 8-12 semanas.,contextualizar_resultado,1,alineado a mecanismo / threshold=55
MS053,estado_purinico,projected_target,estado_purinico_projected_target,4,inherit_activation,35,,none,uric_acid_mg_dl pasa a ser objetivo prioritario.,La activación de estado purinico hace útil vigilar especialmente uric_acid_mg_dl como variable de seguimiento principal.,uric_acid_mg_dl,up,Repetir uric_acid_mg_dl y contexto metabólico en 8-12 semanas.,contextualizar_resultado,1,alineado a mecanismo / threshold=55
MS054,estado_purinico,followup,estado_purinico_followup,4,binary,20,,none,Sugerido control evolutivo de estado purinico.,Tiene sentido reevaluar estado purinico tras un intervalo corto para comprobar dirección del cambio y coherencia clínica.,uric_acid_mg_dl,stability,Repetir uric_acid_mg_dl y contexto metabólico en 8-12 semanas.,contextualizar_resultado,1,alineado a mecanismo / threshold=55
MS055,estado_purinico,guardrail,estado_purinico_guardrail,3,binary,20,,none,Conviene contextualizar estado purinico.,"Antes de sobrerinterpretar estado purinico conviene revisar fase de extracción, contexto clínico, medicación y posibles causas secundarias.",uric_acid_mg_dl,mixed,Repetir uric_acid_mg_dl y contexto metabólico en 8-12 semanas.,contextualizar_resultado,1,alineado a mecanismo / threshold=55
MS056,estado_purinico,priority_signal,estado_purinico_priority_signal,5,capped,40,,none,Alta prioridad para estado purinico.,"Por su peso agregado, estado purinico debe subir en la jerarquía del resumen ejecutivo y del plan de acción.",uric_acid_mg_dl,down,Repetir uric_acid_mg_dl y contexto metabólico en 8-12 semanas.,contextualizar_resultado,1,alineado a mecanismo / threshold=55
MS057,inflamacion,clinical_pattern,inflamacion_clinical_pattern,5,inherit_activation,20,,none,Predomina un patrón compatible con inflamacion.,El conjunto de señales activas es compatible con inflamacion. Inflamación sistémica de baja o media intensidad detectada con reactantes y hemograma.,hscrp_mg_l,up,Repetir hscrp_mg_l y revisar causas intercurrentes en 4-8 semanas.,contextualizar_resultado,1,alineado a mecanismo / threshold=40
MS058,inflamacion,clinical_message,inflamacion_clinical_message,5,inherit_activation,25,,none,Se observa activación de inflamacion.,La combinación de analitos asociados sugiere activación de inflamacion con relevancia en el dominio inflamación / estrés biológico.,hscrp_mg_l,up,Repetir hscrp_mg_l y revisar causas intercurrentes en 4-8 semanas.,contextualizar_resultado,1,alineado a mecanismo / threshold=40
MS059,inflamacion,nutrition_action,inflamacion_nutrition_action,5,scaled,30,,none,Conviene priorizar intervención sobre inflamacion.,Este eje merece un plan dirigido a modular inflamacion y mejorar la trayectoria del marcador diana hscrp_mg_l.,hscrp_mg_l,down,Repetir hscrp_mg_l y revisar causas intercurrentes en 4-8 semanas.,contextualizar_resultado,1,alineado a mecanismo / threshold=40
MS060,inflamacion,projected_target,inflamacion_projected_target,4,inherit_activation,35,,none,hscrp_mg_l pasa a ser objetivo prioritario.,La activación de inflamacion hace útil vigilar especialmente hscrp_mg_l como variable de seguimiento principal.,hscrp_mg_l,down,Repetir hscrp_mg_l y revisar causas intercurrentes en 4-8 semanas.,contextualizar_resultado,1,alineado a mecanismo / threshold=40
MS061,inflamacion,followup,inflamacion_followup,4,binary,20,,none,Sugerido control evolutivo de inflamacion.,Tiene sentido reevaluar inflamacion tras un intervalo corto para comprobar dirección del cambio y coherencia clínica.,hscrp_mg_l,stability,Repetir hscrp_mg_l y revisar causas intercurrentes en 4-8 semanas.,contextualizar_resultado,1,alineado a mecanismo / threshold=40
MS062,inflamacion,guardrail,inflamacion_guardrail,3,binary,20,,none,Conviene contextualizar inflamacion.,"Antes de sobrerinterpretar inflamacion conviene revisar fase de extracción, contexto clínico, medicación y posibles causas secundarias.",hscrp_mg_l,mixed,Repetir hscrp_mg_l y revisar causas intercurrentes en 4-8 semanas.,contextualizar_resultado,1,alineado a mecanismo / threshold=40
MS063,inflamacion,priority_signal,inflamacion_priority_signal,5,capped,40,,none,Alta prioridad para inflamacion.,"Por su peso agregado, inflamacion debe subir en la jerarquía del resumen ejecutivo y del plan de acción.",hscrp_mg_l,up,Repetir hscrp_mg_l y revisar causas intercurrentes en 4-8 semanas.,contextualizar_resultado,1,alineado a mecanismo / threshold=40
MS064,activacion_inmune,clinical_pattern,activacion_inmune_clinical_pattern,5,inherit_activation,20,,none,Predomina un patrón compatible con activacion inmune.,El conjunto de señales activas es compatible con activacion inmune. Activación inmunitaria o patrón leucocitario reactivo. [Usar con umbral alto: Solapa con inflamación; requiere patrón hematológico consistente.],wbc_x10_3_mm3,up,Repetir wbc_x10_3_mm3 y revisar causas intercurrentes en 4-8 semanas.,contextualizar_resultado,1,alineado a mecanismo / threshold=55
MS065,activacion_inmune,clinical_message,activacion_inmune_clinical_message,5,inherit_activation,25,,none,Se observa activación de activacion inmune.,La combinación de analitos asociados sugiere activación de activacion inmune con relevancia en el dominio inflamación / estrés biológico.,wbc_x10_3_mm3,up,Repetir wbc_x10_3_mm3 y revisar causas intercurrentes en 4-8 semanas.,contextualizar_resultado,1,alineado a mecanismo / threshold=55
MS066,activacion_inmune,nutrition_action,activacion_inmune_nutrition_action,5,scaled,30,,none,Conviene priorizar intervención sobre activacion inmune.,Este eje merece un plan dirigido a modular activacion inmune y mejorar la trayectoria del marcador diana wbc_x10_3_mm3.,wbc_x10_3_mm3,down,Repetir wbc_x10_3_mm3 y revisar causas intercurrentes en 4-8 semanas.,contextualizar_resultado,1,alineado a mecanismo / threshold=55
MS067,activacion_inmune,projected_target,activacion_inmune_projected_target,4,inherit_activation,35,,none,wbc_x10_3_mm3 pasa a ser objetivo prioritario.,La activación de activacion inmune hace útil vigilar especialmente wbc_x10_3_mm3 como variable de seguimiento principal.,wbc_x10_3_mm3,down,Repetir wbc_x10_3_mm3 y revisar causas intercurrentes en 4-8 semanas.,contextualizar_resultado,1,alineado a mecanismo / threshold=55
MS068,activacion_inmune,followup,activacion_inmune_followup,4,binary,20,,none,Sugerido control evolutivo de activacion inmune.,Tiene sentido reevaluar activacion inmune tras un intervalo corto para comprobar dirección del cambio y coherencia clínica.,wbc_x10_3_mm3,stability,Repetir wbc_x10_3_mm3 y revisar causas intercurrentes en 4-8 semanas.,contextualizar_resultado,1,alineado a mecanismo / threshold=55
MS069,activacion_inmune,guardrail,activacion_inmune_guardrail,3,binary,20,,none,Conviene contextualizar activacion inmune.,"Antes de sobrerinterpretar activacion inmune conviene revisar fase de extracción, contexto clínico, medicación y posibles causas secundarias.",wbc_x10_3_mm3,mixed,Repetir wbc_x10_3_mm3 y revisar causas intercurrentes en 4-8 semanas.,contextualizar_resultado,1,alineado a mecanismo / threshold=55
MS070,activacion_inmune,priority_signal,activacion_inmune_priority_signal,5,capped,40,,none,Alta prioridad para activacion inmune.,"Por su peso agregado, activacion inmune debe subir en la jerarquía del resumen ejecutivo y del plan de acción.",wbc_x10_3_mm3,up,Repetir wbc_x10_3_mm3 y revisar causas intercurrentes en 4-8 semanas.,contextualizar_resultado,1,alineado a mecanismo / threshold=55
MS071,estres_oxidativo,clinical_pattern,estres_oxidativo_clinical_pattern,5,inherit_activation,20,,none,Predomina un patrón compatible con estres oxidativo.,El conjunto de señales activas es compatible con estres oxidativo. Señal indirecta de estrés oxidativo; inferencia de baja especificidad. [Usar con umbral alto: Proxy indirecto; mantener sensible solo si convergen varias anomalías.],hscrp_mg_l,up,Repetir hscrp_mg_l y revisar causas intercurrentes en 4-8 semanas.,contextualizar_resultado,1,alineado a mecanismo / threshold=65
MS072,estres_oxidativo,clinical_message,estres_oxidativo_clinical_message,5,inherit_activation,25,,none,Se observa activación de estres oxidativo.,La combinación de analitos asociados sugiere activación de estres oxidativo con relevancia en el dominio inflamación / estrés biológico.,hscrp_mg_l,up,Repetir hscrp_mg_l y revisar causas intercurrentes en 4-8 semanas.,contextualizar_resultado,1,alineado a mecanismo / threshold=65
MS073,estres_oxidativo,nutrition_action,estres_oxidativo_nutrition_action,5,scaled,30,,none,Conviene priorizar intervención sobre estres oxidativo.,Este eje merece un plan dirigido a modular estres oxidativo y mejorar la trayectoria del marcador diana hscrp_mg_l.,hscrp_mg_l,down,Repetir hscrp_mg_l y revisar causas intercurrentes en 4-8 semanas.,contextualizar_resultado,1,alineado a mecanismo / threshold=65
MS074,estres_oxidativo,projected_target,estres_oxidativo_projected_target,4,inherit_activation,35,,none,hscrp_mg_l pasa a ser objetivo prioritario.,La activación de estres oxidativo hace útil vigilar especialmente hscrp_mg_l como variable de seguimiento principal.,hscrp_mg_l,down,Repetir hscrp_mg_l y revisar causas intercurrentes en 4-8 semanas.,contextualizar_resultado,1,alineado a mecanismo / threshold=65
MS075,estres_oxidativo,followup,estres_oxidativo_followup,4,binary,20,,none,Sugerido control evolutivo de estres oxidativo.,Tiene sentido reevaluar estres oxidativo tras un intervalo corto para comprobar dirección del cambio y coherencia clínica.,hscrp_mg_l,stability,Repetir hscrp_mg_l y revisar causas intercurrentes en 4-8 semanas.,contextualizar_resultado,1,alineado a mecanismo / threshold=65
MS076,estres_oxidativo,guardrail,estres_oxidativo_guardrail,3,binary,20,,none,Conviene contextualizar estres oxidativo.,"Antes de sobrerinterpretar estres oxidativo conviene revisar fase de extracción, contexto clínico, medicación y posibles causas secundarias.",hscrp_mg_l,mixed,Repetir hscrp_mg_l y revisar causas intercurrentes en 4-8 semanas.,contextualizar_resultado,1,alineado a mecanismo / threshold=65
MS077,estres_oxidativo,priority_signal,estres_oxidativo_priority_signal,5,capped,40,,none,Alta prioridad para estres oxidativo.,"Por su peso agregado, estres oxidativo debe subir en la jerarquía del resumen ejecutivo y del plan de acción.",hscrp_mg_l,up,Repetir hscrp_mg_l y revisar causas intercurrentes en 4-8 semanas.,contextualizar_resultado,1,alineado a mecanismo / threshold=65
MS078,deficit_hierro_eritropoyesis,clinical_pattern,deficit_hierro_eritropoyesis_clinical_pattern,5,inherit_activation,20,,none,Predomina un patrón compatible con deficit hierro eritropoyesis.,El conjunto de señales activas es compatible con deficit hierro eritropoyesis. Déficit de hierro funcional o absoluto con impacto eritropoyético.,transferrin_sat_pct,down,Repetir transferrin_sat_pct y revisar ingesta/suplementación en 8-12 semanas.,contextualizar_resultado,1,alineado a mecanismo / threshold=45
MS079,deficit_hierro_eritropoyesis,clinical_message,deficit_hierro_eritropoyesis_clinical_message,5,inherit_activation,25,,none,Se observa activación de deficit hierro eritropoyesis.,La combinación de analitos asociados sugiere activación de deficit hierro eritropoyesis con relevancia en el dominio hematínico / nutricional.,transferrin_sat_pct,down,Repetir transferrin_sat_pct y revisar ingesta/suplementación en 8-12 semanas.,contextualizar_resultado,1,alineado a mecanismo / threshold=45
MS080,deficit_hierro_eritropoyesis,nutrition_action,deficit_hierro_eritropoyesis_nutrition_action,5,scaled,30,,none,Conviene priorizar intervención sobre deficit hierro eritropoyesis.,Este eje merece un plan dirigido a modular deficit hierro eritropoyesis y mejorar la trayectoria del marcador diana transferrin_sat_pct.,transferrin_sat_pct,up,Repetir transferrin_sat_pct y revisar ingesta/suplementación en 8-12 semanas.,contextualizar_resultado,1,alineado a mecanismo / threshold=45
MS081,deficit_hierro_eritropoyesis,projected_target,deficit_hierro_eritropoyesis_projected_target,4,inherit_activation,35,,none,transferrin_sat_pct pasa a ser objetivo prioritario.,La activación de deficit hierro eritropoyesis hace útil vigilar especialmente transferrin_sat_pct como variable de seguimiento principal.,transferrin_sat_pct,up,Repetir transferrin_sat_pct y revisar ingesta/suplementación en 8-12 semanas.,contextualizar_resultado,1,alineado a mecanismo / threshold=45
MS082,deficit_hierro_eritropoyesis,followup,deficit_hierro_eritropoyesis_followup,4,binary,20,,none,Sugerido control evolutivo de deficit hierro eritropoyesis.,Tiene sentido reevaluar deficit hierro eritropoyesis tras un intervalo corto para comprobar dirección del cambio y coherencia clínica.,transferrin_sat_pct,stability,Repetir transferrin_sat_pct y revisar ingesta/suplementación en 8-12 semanas.,contextualizar_resultado,1,alineado a mecanismo / threshold=45
MS083,deficit_hierro_eritropoyesis,guardrail,deficit_hierro_eritropoyesis_guardrail,3,binary,20,,none,Conviene contextualizar deficit hierro eritropoyesis.,"Antes de sobrerinterpretar deficit hierro eritropoyesis conviene revisar fase de extracción, contexto clínico, medicación y posibles causas secundarias.",transferrin_sat_pct,mixed,Repetir transferrin_sat_pct y revisar ingesta/suplementación en 8-12 semanas.,contextualizar_resultado,1,alineado a mecanismo / threshold=45
MS084,deficit_hierro_eritropoyesis,priority_signal,deficit_hierro_eritropoyesis_priority_signal,5,capped,40,,none,Alta prioridad para deficit hierro eritropoyesis.,"Por su peso agregado, deficit hierro eritropoyesis debe subir en la jerarquía del resumen ejecutivo y del plan de acción.",transferrin_sat_pct,down,Repetir transferrin_sat_pct y revisar ingesta/suplementación en 8-12 semanas.,contextualizar_resultado,1,alineado a mecanismo / threshold=45
MS085,sobrecarga_ferrica,clinical_pattern,sobrecarga_ferrica_clinical_pattern,5,inherit_activation,20,,none,Predomina un patrón compatible con sobrecarga ferrica.,El conjunto de señales activas es compatible con sobrecarga ferrica. Exceso de hierro o señal de ferritina alta con saturación aumentada.,transferrin_sat_pct,up,Repetir transferrin_sat_pct y revisar ingesta/suplementación en 8-12 semanas.,contextualizar_resultado,1,alineado a mecanismo / threshold=50
MS086,sobrecarga_ferrica,clinical_message,sobrecarga_ferrica_clinical_message,5,inherit_activation,25,,none,Se observa activación de sobrecarga ferrica.,La combinación de analitos asociados sugiere activación de sobrecarga ferrica con relevancia en el dominio hematínico / nutricional.,transferrin_sat_pct,up,Repetir transferrin_sat_pct y revisar ingesta/suplementación en 8-12 semanas.,contextualizar_resultado,1,alineado a mecanismo / threshold=50
MS087,sobrecarga_ferrica,nutrition_action,sobrecarga_ferrica_nutrition_action,5,scaled,30,,none,Conviene priorizar intervención sobre sobrecarga ferrica.,Este eje merece un plan dirigido a modular sobrecarga ferrica y mejorar la trayectoria del marcador diana transferrin_sat_pct.,transferrin_sat_pct,down,Repetir transferrin_sat_pct y revisar ingesta/suplementación en 8-12 semanas.,contextualizar_resultado,1,alineado a mecanismo / threshold=50
MS088,sobrecarga_ferrica,projected_target,sobrecarga_ferrica_projected_target,4,inherit_activation,35,,none,transferrin_sat_pct pasa a ser objetivo prioritario.,La activación de sobrecarga ferrica hace útil vigilar especialmente transferrin_sat_pct como variable de seguimiento principal.,transferrin_sat_pct,down,Repetir transferrin_sat_pct y revisar ingesta/suplementación en 8-12 semanas.,contextualizar_resultado,1,alineado a mecanismo / threshold=50
MS089,sobrecarga_ferrica,followup,sobrecarga_ferrica_followup,4,binary,20,,none,Sugerido control evolutivo de sobrecarga ferrica.,Tiene sentido reevaluar sobrecarga ferrica tras un intervalo corto para comprobar dirección del cambio y coherencia clínica.,transferrin_sat_pct,stability,Repetir transferrin_sat_pct y revisar ingesta/suplementación en 8-12 semanas.,contextualizar_resultado,1,alineado a mecanismo / threshold=50
MS090,sobrecarga_ferrica,guardrail,sobrecarga_ferrica_guardrail,3,binary,20,,none,Conviene contextualizar sobrecarga ferrica.,"Antes de sobrerinterpretar sobrecarga ferrica conviene revisar fase de extracción, contexto clínico, medicación y posibles causas secundarias.",transferrin_sat_pct,mixed,Repetir transferrin_sat_pct y revisar ingesta/suplementación en 8-12 semanas.,contextualizar_resultado,1,alineado a mecanismo / threshold=50
MS091,sobrecarga_ferrica,priority_signal,sobrecarga_ferrica_priority_signal,5,capped,40,,none,Alta prioridad para sobrecarga ferrica.,"Por su peso agregado, sobrecarga ferrica debe subir en la jerarquía del resumen ejecutivo y del plan de acción.",transferrin_sat_pct,up,Repetir transferrin_sat_pct y revisar ingesta/suplementación en 8-12 semanas.,contextualizar_resultado,1,alineado a mecanismo / threshold=50
MS092,eje_b12_folato,clinical_pattern,eje_b12_folato_clinical_pattern,5,inherit_activation,20,,none,Predomina un patrón compatible con eje b12 folato.,El conjunto de señales activas es compatible con eje b12 folato. Déficit del eje vitamínico B12/folato con reflejo hematimétrico.,vitb12_pg_ml,down,Repetir vitb12_pg_ml y revisar ingesta/suplementación en 8-12 semanas.,contextualizar_resultado,1,alineado a mecanismo / threshold=45
MS093,eje_b12_folato,clinical_message,eje_b12_folato_clinical_message,5,inherit_activation,25,,none,Se observa activación de eje b12 folato.,La combinación de analitos asociados sugiere activación de eje b12 folato con relevancia en el dominio hematínico / nutricional.,vitb12_pg_ml,down,Repetir vitb12_pg_ml y revisar ingesta/suplementación en 8-12 semanas.,contextualizar_resultado,1,alineado a mecanismo / threshold=45
MS094,eje_b12_folato,nutrition_action,eje_b12_folato_nutrition_action,5,scaled,30,,none,Conviene priorizar intervención sobre eje b12 folato.,Este eje merece un plan dirigido a modular eje b12 folato y mejorar la trayectoria del marcador diana vitb12_pg_ml.,vitb12_pg_ml,up,Repetir vitb12_pg_ml y revisar ingesta/suplementación en 8-12 semanas.,contextualizar_resultado,1,alineado a mecanismo / threshold=45
MS095,eje_b12_folato,projected_target,eje_b12_folato_projected_target,4,inherit_activation,35,,none,vitb12_pg_ml pasa a ser objetivo prioritario.,La activación de eje b12 folato hace útil vigilar especialmente vitb12_pg_ml como variable de seguimiento principal.,vitb12_pg_ml,up,Repetir vitb12_pg_ml y revisar ingesta/suplementación en 8-12 semanas.,contextualizar_resultado,1,alineado a mecanismo / threshold=45
MS096,eje_b12_folato,followup,eje_b12_folato_followup,4,binary,20,,none,Sugerido control evolutivo de eje b12 folato.,Tiene sentido reevaluar eje b12 folato tras un intervalo corto para comprobar dirección del cambio y coherencia clínica.,vitb12_pg_ml,stability,Repetir vitb12_pg_ml y revisar ingesta/suplementación en 8-12 semanas.,contextualizar_resultado,1,alineado a mecanismo / threshold=45
MS097,eje_b12_folato,guardrail,eje_b12_folato_guardrail,3,binary,20,,none,Conviene contextualizar eje b12 folato.,"Antes de sobrerinterpretar eje b12 folato conviene revisar fase de extracción, contexto clínico, medicación y posibles causas secundarias.",vitb12_pg_ml,mixed,Repetir vitb12_pg_ml y revisar ingesta/suplementación en 8-12 semanas.,contextualizar_resultado,1,alineado a mecanismo / threshold=45
MS098,eje_b12_folato,priority_signal,eje_b12_folato_priority_signal,5,capped,40,,none,Alta prioridad para eje b12 folato.,"Por su peso agregado, eje b12 folato debe subir en la jerarquía del resumen ejecutivo y del plan de acción.",vitb12_pg_ml,down,Repetir vitb12_pg_ml y revisar ingesta/suplementación en 8-12 semanas.,contextualizar_resultado,1,alineado a mecanismo / threshold=45
MS099,alteracion_metabolismo_folato_b12_homocisteina,clinical_pattern,alteracion_metabolismo_folato_b12_homocisteina_clinical_pattern,5,inherit_activation,20,,none,Predomina un patrón compatible con alteracion metabolismo folato b12 homocisteina.,"El conjunto de señales activas es compatible con alteracion metabolismo folato b12 homocisteina. Versión ampliada del eje B12/folato; incompleta sin homocisteína ni MMA. [Usar con umbral alto: Más amplio que eje B12/folato, pero incompleto sin homocisteína real.]",vitb12_pg_ml,down,Repetir vitb12_pg_ml y revisar ingesta/suplementación en 8-12 semanas.,contextualizar_resultado,1,alineado a mecanismo / threshold=55
MS100,alteracion_metabolismo_folato_b12_homocisteina,clinical_message,alteracion_metabolismo_folato_b12_homocisteina_clinical_message,5,inherit_activation,25,,none,Se observa activación de alteracion metabolismo folato b12 homocisteina.,La combinación de analitos asociados sugiere activación de alteracion metabolismo folato b12 homocisteina con relevancia en el dominio hematínico / nutricional.,vitb12_pg_ml,down,Repetir vitb12_pg_ml y revisar ingesta/suplementación en 8-12 semanas.,contextualizar_resultado,1,alineado a mecanismo / threshold=55
MS101,alteracion_metabolismo_folato_b12_homocisteina,nutrition_action,alteracion_metabolismo_folato_b12_homocisteina_nutrition_action,5,scaled,30,,none,Conviene priorizar intervención sobre alteracion metabolismo folato b12 homocisteina.,Este eje merece un plan dirigido a modular alteracion metabolismo folato b12 homocisteina y mejorar la trayectoria del marcador diana vitb12_pg_ml.,vitb12_pg_ml,up,Repetir vitb12_pg_ml y revisar ingesta/suplementación en 8-12 semanas.,contextualizar_resultado,1,alineado a mecanismo / threshold=55
MS102,alteracion_metabolismo_folato_b12_homocisteina,projected_target,alteracion_metabolismo_folato_b12_homocisteina_projected_target,4,inherit_activation,35,,none,vitb12_pg_ml pasa a ser objetivo prioritario.,La activación de alteracion metabolismo folato b12 homocisteina hace útil vigilar especialmente vitb12_pg_ml como variable de seguimiento principal.,vitb12_pg_ml,up,Repetir vitb12_pg_ml y revisar ingesta/suplementación en 8-12 semanas.,contextualizar_resultado,1,alineado a mecanismo / threshold=55
MS103,alteracion_metabolismo_folato_b12_homocisteina,followup,alteracion_metabolismo_folato_b12_homocisteina_followup,4,binary,20,,none,Sugerido control evolutivo de alteracion metabolismo folato b12 homocisteina.,Tiene sentido reevaluar alteracion metabolismo folato b12 homocisteina tras un intervalo corto para comprobar dirección del cambio y coherencia clínica.,vitb12_pg_ml,stability,Repetir vitb12_pg_ml y revisar ingesta/suplementación en 8-12 semanas.,contextualizar_resultado,1,alineado a mecanismo / threshold=55
MS104,alteracion_metabolismo_folato_b12_homocisteina,guardrail,alteracion_metabolismo_folato_b12_homocisteina_guardrail,3,binary,20,,none,Conviene contextualizar alteracion metabolismo folato b12 homocisteina.,"Antes de sobrerinterpretar alteracion metabolismo folato b12 homocisteina conviene revisar fase de extracción, contexto clínico, medicación y posibles causas secundarias.",vitb12_pg_ml,mixed,Repetir vitb12_pg_ml y revisar ingesta/suplementación en 8-12 semanas.,contextualizar_resultado,1,alineado a mecanismo / threshold=55
MS105,alteracion_metabolismo_folato_b12_homocisteina,priority_signal,alteracion_metabolismo_folato_b12_homocisteina_priority_signal,5,capped,40,,none,Alta prioridad para alteracion metabolismo folato b12 homocisteina.,"Por su peso agregado, alteracion metabolismo folato b12 homocisteina debe subir en la jerarquía del resumen ejecutivo y del plan de acción.",vitb12_pg_ml,down,Repetir vitb12_pg_ml y revisar ingesta/suplementación en 8-12 semanas.,contextualizar_resultado,1,alineado a mecanismo / threshold=55
MS106,deficit_proteico_catabolismo,clinical_pattern,deficit_proteico_catabolismo_clinical_pattern,5,inherit_activation,20,,none,Predomina un patrón compatible con deficit proteico catabolismo.,El conjunto de señales activas es compatible con deficit proteico catabolismo. Sospecha de baja disponibilidad proteica o mayor catabolismo.,albumin_g_dl,down,Repetir albumin_g_dl y revisar ingesta/suplementación en 8-12 semanas.,contextualizar_resultado,1,alineado a mecanismo / threshold=50
MS107,deficit_proteico_catabolismo,clinical_message,deficit_proteico_catabolismo_clinical_message,5,inherit_activation,25,,none,Se observa activación de deficit proteico catabolismo.,La combinación de analitos asociados sugiere activación de deficit proteico catabolismo con relevancia en el dominio hematínico / nutricional.,albumin_g_dl,down,Repetir albumin_g_dl y revisar ingesta/suplementación en 8-12 semanas.,contextualizar_resultado,1,alineado a mecanismo / threshold=50
MS108,deficit_proteico_catabolismo,nutrition_action,deficit_proteico_catabolismo_nutrition_action,5,scaled,30,,none,Conviene priorizar intervención sobre deficit proteico catabolismo.,Este eje merece un plan dirigido a modular deficit proteico catabolismo y mejorar la trayectoria del marcador diana albumin_g_dl.,albumin_g_dl,up,Repetir albumin_g_dl y revisar ingesta/suplementación en 8-12 semanas.,contextualizar_resultado,1,alineado a mecanismo / threshold=50
MS109,deficit_proteico_catabolismo,projected_target,deficit_proteico_catabolismo_projected_target,4,inherit_activation,35,,none,albumin_g_dl pasa a ser objetivo prioritario.,La activación de deficit proteico catabolismo hace útil vigilar especialmente albumin_g_dl como variable de seguimiento principal.,albumin_g_dl,up,Repetir albumin_g_dl y revisar ingesta/suplementación en 8-12 semanas.,contextualizar_resultado,1,alineado a mecanismo / threshold=50
MS110,deficit_proteico_catabolismo,followup,deficit_proteico_catabolismo_followup,4,binary,20,,none,Sugerido control evolutivo de deficit proteico catabolismo.,Tiene sentido reevaluar deficit proteico catabolismo tras un intervalo corto para comprobar dirección del cambio y coherencia clínica.,albumin_g_dl,stability,Repetir albumin_g_dl y revisar ingesta/suplementación en 8-12 semanas.,contextualizar_resultado,1,alineado a mecanismo / threshold=50
MS111,deficit_proteico_catabolismo,guardrail,deficit_proteico_catabolismo_guardrail,3,binary,20,,none,Conviene contextualizar deficit proteico catabolismo.,"Antes de sobrerinterpretar deficit proteico catabolismo conviene revisar fase de extracción, contexto clínico, medicación y posibles causas secundarias.",albumin_g_dl,mixed,Repetir albumin_g_dl y revisar ingesta/suplementación en 8-12 semanas.,contextualizar_resultado,1,alineado a mecanismo / threshold=50
MS112,deficit_proteico_catabolismo,priority_signal,deficit_proteico_catabolismo_priority_signal,5,capped,40,,none,Alta prioridad para deficit proteico catabolismo.,"Por su peso agregado, deficit proteico catabolismo debe subir en la jerarquía del resumen ejecutivo y del plan de acción.",albumin_g_dl,down,Repetir albumin_g_dl y revisar ingesta/suplementación en 8-12 semanas.,contextualizar_resultado,1,alineado a mecanismo / threshold=50
MS113,carga_hepatica,clinical_pattern,carga_hepatica_clinical_pattern,5,inherit_activation,20,,none,Predomina un patrón compatible con carga hepatica.,El conjunto de señales activas es compatible con carga hepatica. Estrés hepatocelular o carga metabólica hepática.,alt_u_l,up,Repetir alt_u_l y perfil hepático en 4-8 semanas.,contextualizar_resultado,1,alineado a mecanismo / threshold=45
MS114,carga_hepatica,clinical_message,carga_hepatica_clinical_message,5,inherit_activation,25,,none,Se observa activación de carga hepatica.,La combinación de analitos asociados sugiere activación de carga hepatica con relevancia en el dominio hepático.,alt_u_l,up,Repetir alt_u_l y perfil hepático en 4-8 semanas.,contextualizar_resultado,1,alineado a mecanismo / threshold=45
MS115,carga_hepatica,nutrition_action,carga_hepatica_nutrition_action,5,scaled,30,,none,Conviene priorizar intervención sobre carga hepatica.,Este eje merece un plan dirigido a modular carga hepatica y mejorar la trayectoria del marcador diana alt_u_l.,alt_u_l,down,Repetir alt_u_l y perfil hepático en 4-8 semanas.,contextualizar_resultado,1,alineado a mecanismo / threshold=45
MS116,carga_hepatica,projected_target,carga_hepatica_projected_target,4,inherit_activation,35,,none,alt_u_l pasa a ser objetivo prioritario.,La activación de carga hepatica hace útil vigilar especialmente alt_u_l como variable de seguimiento principal.,alt_u_l,down,Repetir alt_u_l y perfil hepático en 4-8 semanas.,contextualizar_resultado,1,alineado a mecanismo / threshold=45
MS117,carga_hepatica,followup,carga_hepatica_followup,4,binary,20,,none,Sugerido control evolutivo de carga hepatica.,Tiene sentido reevaluar carga hepatica tras un intervalo corto para comprobar dirección del cambio y coherencia clínica.,alt_u_l,stability,Repetir alt_u_l y perfil hepático en 4-8 semanas.,contextualizar_resultado,1,alineado a mecanismo / threshold=45
MS118,carga_hepatica,guardrail,carga_hepatica_guardrail,3,binary,20,,none,Conviene contextualizar carga hepatica.,"Antes de sobrerinterpretar carga hepatica conviene revisar fase de extracción, contexto clínico, medicación y posibles causas secundarias.",alt_u_l,mixed,Repetir alt_u_l y perfil hepático en 4-8 semanas.,contextualizar_resultado,1,alineado a mecanismo / threshold=45
MS119,carga_hepatica,priority_signal,carga_hepatica_priority_signal,5,capped,40,,none,Alta prioridad para carga hepatica.,"Por su peso agregado, carga hepatica debe subir en la jerarquía del resumen ejecutivo y del plan de acción.",alt_u_l,up,Repetir alt_u_l y perfil hepático en 4-8 semanas.,contextualizar_resultado,1,alineado a mecanismo / threshold=45
MS120,componente_hepatobiliar,clinical_pattern,componente_hepatobiliar_clinical_pattern,5,inherit_activation,20,,none,Predomina un patrón compatible con componente hepatobiliar.,El conjunto de señales activas es compatible con componente hepatobiliar. Componente colestásico/hepatobiliar.,ggt_u_l,up,Repetir ggt_u_l y perfil hepático en 4-8 semanas.,contextualizar_resultado,1,alineado a mecanismo / threshold=40
MS121,componente_hepatobiliar,clinical_message,componente_hepatobiliar_clinical_message,5,inherit_activation,25,,none,Se observa activación de componente hepatobiliar.,La combinación de analitos asociados sugiere activación de componente hepatobiliar con relevancia en el dominio hepático.,ggt_u_l,up,Repetir ggt_u_l y perfil hepático en 4-8 semanas.,contextualizar_resultado,1,alineado a mecanismo / threshold=40
MS122,componente_hepatobiliar,nutrition_action,componente_hepatobiliar_nutrition_action,5,scaled,30,,none,Conviene priorizar intervención sobre componente hepatobiliar.,Este eje merece un plan dirigido a modular componente hepatobiliar y mejorar la trayectoria del marcador diana ggt_u_l.,ggt_u_l,down,Repetir ggt_u_l y perfil hepático en 4-8 semanas.,contextualizar_resultado,1,alineado a mecanismo / threshold=40
MS123,componente_hepatobiliar,projected_target,componente_hepatobiliar_projected_target,4,inherit_activation,35,,none,ggt_u_l pasa a ser objetivo prioritario.,La activación de componente hepatobiliar hace útil vigilar especialmente ggt_u_l como variable de seguimiento principal.,ggt_u_l,down,Repetir ggt_u_l y perfil hepático en 4-8 semanas.,contextualizar_resultado,1,alineado a mecanismo / threshold=40
MS124,componente_hepatobiliar,followup,componente_hepatobiliar_followup,4,binary,20,,none,Sugerido control evolutivo de componente hepatobiliar.,Tiene sentido reevaluar componente hepatobiliar tras un intervalo corto para comprobar dirección del cambio y coherencia clínica.,ggt_u_l,stability,Repetir ggt_u_l y perfil hepático en 4-8 semanas.,contextualizar_resultado,1,alineado a mecanismo / threshold=40
MS125,componente_hepatobiliar,guardrail,componente_hepatobiliar_guardrail,3,binary,20,,none,Conviene contextualizar componente hepatobiliar.,"Antes de sobrerinterpretar componente hepatobiliar conviene revisar fase de extracción, contexto clínico, medicación y posibles causas secundarias.",ggt_u_l,mixed,Repetir ggt_u_l y perfil hepático en 4-8 semanas.,contextualizar_resultado,1,alineado a mecanismo / threshold=40
MS126,componente_hepatobiliar,priority_signal,componente_hepatobiliar_priority_signal,5,capped,40,,none,Alta prioridad para componente hepatobiliar.,"Por su peso agregado, componente hepatobiliar debe subir en la jerarquía del resumen ejecutivo y del plan de acción.",ggt_u_l,up,Repetir ggt_u_l y perfil hepático en 4-8 semanas.,contextualizar_resultado,1,alineado a mecanismo / threshold=40
MS127,seguridad_renal,clinical_pattern,seguridad_renal_clinical_pattern,5,inherit_activation,20,,none,Predomina un patrón compatible con seguridad renal.,"El conjunto de señales activas es compatible con seguridad renal. Bloque de vigilancia renal, filtrado y daño renal subclínico.",egfr_ml_min_1_73m2,down,Repetir egfr_ml_min_1_73m2 y contexto de hidratación/medicación en 2-6 semanas.,confirmar_contexto_clinico,1,alineado a estado_seguridad / threshold=35
MS128,seguridad_renal,clinical_message,seguridad_renal_clinical_message,5,inherit_activation,25,,none,Se observa activación de seguridad renal.,La combinación de analitos asociados sugiere activación de seguridad renal con relevancia en el dominio renal / volumen.,egfr_ml_min_1_73m2,down,Repetir egfr_ml_min_1_73m2 y contexto de hidratación/medicación en 2-6 semanas.,confirmar_contexto_clinico,1,alineado a estado_seguridad / threshold=35
MS129,seguridad_renal,nutrition_action,seguridad_renal_nutrition_action,5,scaled,30,,none,Conviene priorizar intervención sobre seguridad renal.,Este eje merece un plan dirigido a modular seguridad renal y mejorar la trayectoria del marcador diana egfr_ml_min_1_73m2.,egfr_ml_min_1_73m2,up,Repetir egfr_ml_min_1_73m2 y contexto de hidratación/medicación en 2-6 semanas.,confirmar_contexto_clinico,1,alineado a estado_seguridad / threshold=35
MS130,seguridad_renal,projected_target,seguridad_renal_projected_target,4,inherit_activation,35,,none,egfr_ml_min_1_73m2 pasa a ser objetivo prioritario.,La activación de seguridad renal hace útil vigilar especialmente egfr_ml_min_1_73m2 como variable de seguimiento principal.,egfr_ml_min_1_73m2,up,Repetir egfr_ml_min_1_73m2 y contexto de hidratación/medicación en 2-6 semanas.,confirmar_contexto_clinico,1,alineado a estado_seguridad / threshold=35
MS131,seguridad_renal,followup,seguridad_renal_followup,4,binary,20,,none,Sugerido control evolutivo de seguridad renal.,Tiene sentido reevaluar seguridad renal tras un intervalo corto para comprobar dirección del cambio y coherencia clínica.,egfr_ml_min_1_73m2,stability,Repetir egfr_ml_min_1_73m2 y contexto de hidratación/medicación en 2-6 semanas.,confirmar_contexto_clinico,1,alineado a estado_seguridad / threshold=35
MS132,seguridad_renal,guardrail,seguridad_renal_guardrail,3,binary,20,,none,Conviene contextualizar seguridad renal.,"Antes de sobrerinterpretar seguridad renal conviene revisar fase de extracción, contexto clínico, medicación y posibles causas secundarias.",egfr_ml_min_1_73m2,mixed,Repetir egfr_ml_min_1_73m2 y contexto de hidratación/medicación en 2-6 semanas.,confirmar_contexto_clinico,1,alineado a estado_seguridad / threshold=35
MS133,seguridad_renal,priority_signal,seguridad_renal_priority_signal,5,capped,40,,none,Alta prioridad para seguridad renal.,"Por su peso agregado, seguridad renal debe subir en la jerarquía del resumen ejecutivo y del plan de acción.",egfr_ml_min_1_73m2,down,Repetir egfr_ml_min_1_73m2 y contexto de hidratación/medicación en 2-6 semanas.,confirmar_contexto_clinico,1,alineado a estado_seguridad / threshold=35
MS134,deshidratacion_hemoconcentracion,clinical_pattern,deshidratacion_hemoconcentracion_clinical_pattern,5,inherit_activation,20,,none,Predomina un patrón compatible con deshidratacion hemoconcentracion.,El conjunto de señales activas es compatible con deshidratacion hemoconcentracion. Patrón compatible con hemoconcentración o contracción de volumen.,hct_pct,up,Repetir hct_pct y contexto de hidratación/medicación en 2-6 semanas.,confirmar_contexto_clinico,1,alineado a estado_seguridad / threshold=40
MS135,deshidratacion_hemoconcentracion,clinical_message,deshidratacion_hemoconcentracion_clinical_message,5,inherit_activation,25,,none,Se observa activación de deshidratacion hemoconcentracion.,La combinación de analitos asociados sugiere activación de deshidratacion hemoconcentracion con relevancia en el dominio renal / volumen.,hct_pct,up,Repetir hct_pct y contexto de hidratación/medicación en 2-6 semanas.,confirmar_contexto_clinico,1,alineado a estado_seguridad / threshold=40
MS136,deshidratacion_hemoconcentracion,nutrition_action,deshidratacion_hemoconcentracion_nutrition_action,5,scaled,30,,none,Conviene priorizar intervención sobre deshidratacion hemoconcentracion.,Este eje merece un plan dirigido a modular deshidratacion hemoconcentracion y mejorar la trayectoria del marcador diana hct_pct.,hct_pct,down,Repetir hct_pct y contexto de hidratación/medicación en 2-6 semanas.,confirmar_contexto_clinico,1,alineado a estado_seguridad / threshold=40
MS137,deshidratacion_hemoconcentracion,projected_target,deshidratacion_hemoconcentracion_projected_target,4,inherit_activation,35,,none,hct_pct pasa a ser objetivo prioritario.,La activación de deshidratacion hemoconcentracion hace útil vigilar especialmente hct_pct como variable de seguimiento principal.,hct_pct,down,Repetir hct_pct y contexto de hidratación/medicación en 2-6 semanas.,confirmar_contexto_clinico,1,alineado a estado_seguridad / threshold=40
MS138,deshidratacion_hemoconcentracion,followup,deshidratacion_hemoconcentracion_followup,4,binary,20,,none,Sugerido control evolutivo de deshidratacion hemoconcentracion.,Tiene sentido reevaluar deshidratacion hemoconcentracion tras un intervalo corto para comprobar dirección del cambio y coherencia clínica.,hct_pct,stability,Repetir hct_pct y contexto de hidratación/medicación en 2-6 semanas.,confirmar_contexto_clinico,1,alineado a estado_seguridad / threshold=40
MS139,deshidratacion_hemoconcentracion,guardrail,deshidratacion_hemoconcentracion_guardrail,3,binary,20,,none,Conviene contextualizar deshidratacion hemoconcentracion.,"Antes de sobrerinterpretar deshidratacion hemoconcentracion conviene revisar fase de extracción, contexto clínico, medicación y posibles causas secundarias.",hct_pct,mixed,Repetir hct_pct y contexto de hidratación/medicación en 2-6 semanas.,confirmar_contexto_clinico,1,alineado a estado_seguridad / threshold=40
MS140,deshidratacion_hemoconcentracion,priority_signal,deshidratacion_hemoconcentracion_priority_signal,5,capped,40,,none,Alta prioridad para deshidratacion hemoconcentracion.,"Por su peso agregado, deshidratacion hemoconcentracion debe subir en la jerarquía del resumen ejecutivo y del plan de acción.",hct_pct,up,Repetir hct_pct y contexto de hidratación/medicación en 2-6 semanas.,confirmar_contexto_clinico,1,alineado a estado_seguridad / threshold=40
MS141,retencion_hidrosalina,clinical_pattern,retencion_hidrosalina_clinical_pattern,5,inherit_activation,20,,none,Predomina un patrón compatible con retencion hidrosalina.,El conjunto de señales activas es compatible con retencion hidrosalina. Patrón compatible con expansión de volumen/hemodilución o pérdida de oncótica. [Usar con umbral alto: Sin sodio/BNP/osmolalidad; mantener umbral alto para evitar falsos positivos.],hct_pct,down,Repetir hct_pct y contexto de hidratación/medicación en 2-6 semanas.,confirmar_contexto_clinico,1,alineado a estado_seguridad / threshold=60
MS142,retencion_hidrosalina,clinical_message,retencion_hidrosalina_clinical_message,5,inherit_activation,25,,none,Se observa activación de retencion hidrosalina.,La combinación de analitos asociados sugiere activación de retencion hidrosalina con relevancia en el dominio renal / volumen.,hct_pct,down,Repetir hct_pct y contexto de hidratación/medicación en 2-6 semanas.,confirmar_contexto_clinico,1,alineado a estado_seguridad / threshold=60
MS143,retencion_hidrosalina,nutrition_action,retencion_hidrosalina_nutrition_action,5,scaled,30,,none,Conviene priorizar intervención sobre retencion hidrosalina.,Este eje merece un plan dirigido a modular retencion hidrosalina y mejorar la trayectoria del marcador diana hct_pct.,hct_pct,up,Repetir hct_pct y contexto de hidratación/medicación en 2-6 semanas.,confirmar_contexto_clinico,1,alineado a estado_seguridad / threshold=60
MS144,retencion_hidrosalina,projected_target,retencion_hidrosalina_projected_target,4,inherit_activation,35,,none,hct_pct pasa a ser objetivo prioritario.,La activación de retencion hidrosalina hace útil vigilar especialmente hct_pct como variable de seguimiento principal.,hct_pct,up,Repetir hct_pct y contexto de hidratación/medicación en 2-6 semanas.,confirmar_contexto_clinico,1,alineado a estado_seguridad / threshold=60
MS145,retencion_hidrosalina,followup,retencion_hidrosalina_followup,4,binary,20,,none,Sugerido control evolutivo de retencion hidrosalina.,Tiene sentido reevaluar retencion hidrosalina tras un intervalo corto para comprobar dirección del cambio y coherencia clínica.,hct_pct,stability,Repetir hct_pct y contexto de hidratación/medicación en 2-6 semanas.,confirmar_contexto_clinico,1,alineado a estado_seguridad / threshold=60
MS146,retencion_hidrosalina,guardrail,retencion_hidrosalina_guardrail,3,binary,20,,none,Conviene contextualizar retencion hidrosalina.,"Antes de sobrerinterpretar retencion hidrosalina conviene revisar fase de extracción, contexto clínico, medicación y posibles causas secundarias.",hct_pct,mixed,Repetir hct_pct y contexto de hidratación/medicación en 2-6 semanas.,confirmar_contexto_clinico,1,alineado a estado_seguridad / threshold=60
MS147,retencion_hidrosalina,priority_signal,retencion_hidrosalina_priority_signal,5,capped,40,,none,Alta prioridad para retencion hidrosalina.,"Por su peso agregado, retencion hidrosalina debe subir en la jerarquía del resumen ejecutivo y del plan de acción.",hct_pct,down,Repetir hct_pct y contexto de hidratación/medicación en 2-6 semanas.,confirmar_contexto_clinico,1,alineado a estado_seguridad / threshold=60
MS148,resistencia_leptinica_saciedad,clinical_pattern,resistencia_leptinica_saciedad_clinical_pattern,5,inherit_activation,20,,none,Predomina un patrón compatible con resistencia leptinica saciedad.,El conjunto de señales activas es compatible con resistencia leptinica saciedad. Patrón antropométrico-metabólico sugerente de señal leptínica ineficaz; baja especificidad. [Usar con umbral alto: Sin leptina ni señales de ingesta; usar como fenotipo indirecto de adiposidad central.],waist_cm,up,Repetir waist_cm y contexto clínico-hormonal en 8-12 semanas.,contextualizar_resultado,1,alineado a mecanismo / threshold=60
MS149,resistencia_leptinica_saciedad,clinical_message,resistencia_leptinica_saciedad_clinical_message,5,inherit_activation,25,,none,Se observa activación de resistencia leptinica saciedad.,La combinación de analitos asociados sugiere activación de resistencia leptinica saciedad con relevancia en el dominio hormonal / saciedad.,waist_cm,up,Repetir waist_cm y contexto clínico-hormonal en 8-12 semanas.,contextualizar_resultado,1,alineado a mecanismo / threshold=60
MS150,resistencia_leptinica_saciedad,nutrition_action,resistencia_leptinica_saciedad_nutrition_action,5,scaled,30,,none,Conviene priorizar intervención sobre resistencia leptinica saciedad.,Este eje merece un plan dirigido a modular resistencia leptinica saciedad y mejorar la trayectoria del marcador diana waist_cm.,waist_cm,down,Repetir waist_cm y contexto clínico-hormonal en 8-12 semanas.,contextualizar_resultado,1,alineado a mecanismo / threshold=60
MS151,resistencia_leptinica_saciedad,projected_target,resistencia_leptinica_saciedad_projected_target,4,inherit_activation,35,,none,waist_cm pasa a ser objetivo prioritario.,La activación de resistencia leptinica saciedad hace útil vigilar especialmente waist_cm como variable de seguimiento principal.,waist_cm,down,Repetir waist_cm y contexto clínico-hormonal en 8-12 semanas.,contextualizar_resultado,1,alineado a mecanismo / threshold=60
MS152,resistencia_leptinica_saciedad,followup,resistencia_leptinica_saciedad_followup,4,binary,20,,none,Sugerido control evolutivo de resistencia leptinica saciedad.,Tiene sentido reevaluar resistencia leptinica saciedad tras un intervalo corto para comprobar dirección del cambio y coherencia clínica.,waist_cm,stability,Repetir waist_cm y contexto clínico-hormonal en 8-12 semanas.,contextualizar_resultado,1,alineado a mecanismo / threshold=60
MS153,resistencia_leptinica_saciedad,guardrail,resistencia_leptinica_saciedad_guardrail,3,binary,20,,none,Conviene contextualizar resistencia leptinica saciedad.,"Antes de sobrerinterpretar resistencia leptinica saciedad conviene revisar fase de extracción, contexto clínico, medicación y posibles causas secundarias.",waist_cm,mixed,Repetir waist_cm y contexto clínico-hormonal en 8-12 semanas.,contextualizar_resultado,1,alineado a mecanismo / threshold=60
MS154,resistencia_leptinica_saciedad,priority_signal,resistencia_leptinica_saciedad_priority_signal,5,capped,40,,none,Alta prioridad para resistencia leptinica saciedad.,"Por su peso agregado, resistencia leptinica saciedad debe subir en la jerarquía del resumen ejecutivo y del plan de acción.",waist_cm,up,Repetir waist_cm y contexto clínico-hormonal en 8-12 semanas.,contextualizar_resultado,1,alineado a mecanismo / threshold=60
MS155,disfuncion_tiroidea_periferica,clinical_pattern,disfuncion_tiroidea_periferica_clinical_pattern,5,inherit_activation,20,,none,Predomina un patrón compatible con disfuncion tiroidea periferica.,El conjunto de señales activas es compatible con disfuncion tiroidea periferica. Disfunción tiroidea operativa con TSH/FT4 y reflejo metabólico.,tsh_mIU_l,down,Repetir tsh_mIU_l y contexto clínico-hormonal en 8-12 semanas.,contextualizar_resultado,1,alineado a mecanismo / threshold=45
MS156,disfuncion_tiroidea_periferica,clinical_message,disfuncion_tiroidea_periferica_clinical_message,5,inherit_activation,25,,none,Se observa activación de disfuncion tiroidea periferica.,La combinación de analitos asociados sugiere activación de disfuncion tiroidea periferica con relevancia en el dominio hormonal / saciedad.,tsh_mIU_l,down,Repetir tsh_mIU_l y contexto clínico-hormonal en 8-12 semanas.,contextualizar_resultado,1,alineado a mecanismo / threshold=45
MS157,disfuncion_tiroidea_periferica,nutrition_action,disfuncion_tiroidea_periferica_nutrition_action,5,scaled,30,,none,Conviene priorizar intervención sobre disfuncion tiroidea periferica.,Este eje merece un plan dirigido a modular disfuncion tiroidea periferica y mejorar la trayectoria del marcador diana tsh_mIU_l.,tsh_mIU_l,up,Repetir tsh_mIU_l y contexto clínico-hormonal en 8-12 semanas.,contextualizar_resultado,1,alineado a mecanismo / threshold=45
MS158,disfuncion_tiroidea_periferica,projected_target,disfuncion_tiroidea_periferica_projected_target,4,inherit_activation,35,,none,tsh_mIU_l pasa a ser objetivo prioritario.,La activación de disfuncion tiroidea periferica hace útil vigilar especialmente tsh_mIU_l como variable de seguimiento principal.,tsh_mIU_l,up,Repetir tsh_mIU_l y contexto clínico-hormonal en 8-12 semanas.,contextualizar_resultado,1,alineado a mecanismo / threshold=45
MS159,disfuncion_tiroidea_periferica,followup,disfuncion_tiroidea_periferica_followup,4,binary,20,,none,Sugerido control evolutivo de disfuncion tiroidea periferica.,Tiene sentido reevaluar disfuncion tiroidea periferica tras un intervalo corto para comprobar dirección del cambio y coherencia clínica.,tsh_mIU_l,stability,Repetir tsh_mIU_l y contexto clínico-hormonal en 8-12 semanas.,contextualizar_resultado,1,alineado a mecanismo / threshold=45
MS160,disfuncion_tiroidea_periferica,guardrail,disfuncion_tiroidea_periferica_guardrail,3,binary,20,,none,Conviene contextualizar disfuncion tiroidea periferica.,"Antes de sobrerinterpretar disfuncion tiroidea periferica conviene revisar fase de extracción, contexto clínico, medicación y posibles causas secundarias.",tsh_mIU_l,mixed,Repetir tsh_mIU_l y contexto clínico-hormonal en 8-12 semanas.,contextualizar_resultado,1,alineado a mecanismo / threshold=45
MS161,disfuncion_tiroidea_periferica,priority_signal,disfuncion_tiroidea_periferica_priority_signal,5,capped,40,,none,Alta prioridad para disfuncion tiroidea periferica.,"Por su peso agregado, disfuncion tiroidea periferica debe subir en la jerarquía del resumen ejecutivo y del plan de acción.",tsh_mIU_l,down,Repetir tsh_mIU_l y contexto clínico-hormonal en 8-12 semanas.,contextualizar_resultado,1,alineado a mecanismo / threshold=45
MS162,estado_anabolico_bajo,clinical_pattern,estado_anabolico_bajo_clinical_pattern,5,inherit_activation,20,,none,Predomina un patrón compatible con estado anabolico bajo.,El conjunto de señales activas es compatible con estado anabolico bajo. Señal de baja reserva anabólica o masa magra reducida.,creatinine_mg_dl,down,Repetir creatinine_mg_dl y contexto clínico-hormonal en 8-12 semanas.,contextualizar_resultado,1,alineado a mecanismo / threshold=50
MS163,estado_anabolico_bajo,clinical_message,estado_anabolico_bajo_clinical_message,5,inherit_activation,25,,none,Se observa activación de estado anabolico bajo.,La combinación de analitos asociados sugiere activación de estado anabolico bajo con relevancia en el dominio hormonal / saciedad.,creatinine_mg_dl,down,Repetir creatinine_mg_dl y contexto clínico-hormonal en 8-12 semanas.,contextualizar_resultado,1,alineado a mecanismo / threshold=50
MS164,estado_anabolico_bajo,nutrition_action,estado_anabolico_bajo_nutrition_action,5,scaled,30,,none,Conviene priorizar intervención sobre estado anabolico bajo.,Este eje merece un plan dirigido a modular estado anabolico bajo y mejorar la trayectoria del marcador diana creatinine_mg_dl.,creatinine_mg_dl,up,Repetir creatinine_mg_dl y contexto clínico-hormonal en 8-12 semanas.,contextualizar_resultado,1,alineado a mecanismo / threshold=50
MS165,estado_anabolico_bajo,projected_target,estado_anabolico_bajo_projected_target,4,inherit_activation,35,,none,creatinine_mg_dl pasa a ser objetivo prioritario.,La activación de estado anabolico bajo hace útil vigilar especialmente creatinine_mg_dl como variable de seguimiento principal.,creatinine_mg_dl,up,Repetir creatinine_mg_dl y contexto clínico-hormonal en 8-12 semanas.,contextualizar_resultado,1,alineado a mecanismo / threshold=50
MS166,estado_anabolico_bajo,followup,estado_anabolico_bajo_followup,4,binary,20,,none,Sugerido control evolutivo de estado anabolico bajo.,Tiene sentido reevaluar estado anabolico bajo tras un intervalo corto para comprobar dirección del cambio y coherencia clínica.,creatinine_mg_dl,stability,Repetir creatinine_mg_dl y contexto clínico-hormonal en 8-12 semanas.,contextualizar_resultado,1,alineado a mecanismo / threshold=50
MS167,estado_anabolico_bajo,guardrail,estado_anabolico_bajo_guardrail,3,binary,20,,none,Conviene contextualizar estado anabolico bajo.,"Antes de sobrerinterpretar estado anabolico bajo conviene revisar fase de extracción, contexto clínico, medicación y posibles causas secundarias.",creatinine_mg_dl,mixed,Repetir creatinine_mg_dl y contexto clínico-hormonal en 8-12 semanas.,contextualizar_resultado,1,alineado a mecanismo / threshold=50
MS168,estado_anabolico_bajo,priority_signal,estado_anabolico_bajo_priority_signal,5,capped,40,,none,Alta prioridad para estado anabolico bajo.,"Por su peso agregado, estado anabolico bajo debe subir en la jerarquía del resumen ejecutivo y del plan de acción.",creatinine_mg_dl,down,Repetir creatinine_mg_dl y contexto clínico-hormonal en 8-12 semanas.,contextualizar_resultado,1,alineado a mecanismo / threshold=50
