rule_id,variable,etiqueta_variable,dominio_analito,sexo_referencia,rango_referencia,mecanismo,label_mecanismo,dominio_fisiologico,direccion,peso_mecanistico,tipo_aporte,especificidad,especificidad_num,fuerza,evidence_tier,evidencia_num,combo_fisiologico,es_driver_primario,necesita_ayuno,sexo_scope_regla,requiere_contexto,analitos_confirmatorios,analitos_competidores,comentario_fisiologico,definition,clinical_notes,priority_base,activation_threshold,min_hits,min_groups,display_threshold,rango_critico_bajo,rango_critico_alto,activo
VM131,albumin_g_dl,Albúmina sérica,hep_renal,ambos,3.5–5.0,alteracion_metabolismo_folato_b12_homocisteina,Alteracion Metabolismo Folato B12 Homocisteina,Hematínico / nutricional,low,0.1,context,baja,0.4,baja,baja,0.4,contexto_metabolico,no,no,all,si,"vitb12_pg_ml, folate_ng_ml, mcv_fl",,La albúmina baja en déficit de B12/folato es tardía y refleja desnutrición proteica secundaria o inflamación crónica asociada a la gastritis atrófica. No usar como cribado.,Útil solo en contexto de anemia macrocítica confirmada y desnutrición severa.,No es marcador primario de déficit vitamínico. Priorizar B12 folato y hemograma.,media,55.0,2.0,2.0,24.0,1.5,6.0,si
VM148,albumin_g_dl,Albúmina sérica,hep_renal,ambos,3.5–5.0,carga_hepatica,Carga Hepatica,Hepático,low,0.4,support,media,0.7,media,media,0.7,sintesis,no,no,all,si,"alt_u_l, ast_u_l, ggt_u_l",,La hipoalbuminemia en hepatopatía indica cronicidad o gravedad (cirrosis,ascitis). No es un marcador precoz. Una ALT aislada leve con albúmina normal descarta preocupación grave.,Estrés hepatocelular o carga metabólica hepática con afectación de la síntesis. Requiere alteración clara de transaminasas o GGT. Albúmina baja aislada -> buscar causa renal o intestinal.,alta,45.0,2.0,2.0,24.0,1.5,6.0,si
VM140,albumin_g_dl,Albúmina sérica,hep_renal,ambos,3.5–5.0,deficit_proteico_catabolismo,Deficit Proteico Catabolismo,Hematínico / nutricional,low,0.7,driver,media,0.7,alta,alta,1.0,nutricional,si,no,all,si,"creatinine_mg_dl, bmi_kg_m2, urea_mg_dl",PCR_elevada,"Driver de desnutrición proteico-calórica o catabolismo severo. OJO: La albúmina es un reactante negativo de fase aguda. Si la PCR (hsCRP) está alta (>1.0), este peso debe reducirse un 50% porque la caída es inflamatoria, no nutricional.",Sospecha de baja disponibilidad proteica o mayor catabolismo tisular.,Confirmar con antropometría (IMC bajo pérdida de peso) y creatinina baja. Si PCR alta valorar primero la inflamación.,alta,50.0,2.0,2.0,22.0,1.5,6.0,si
VM167,albumin_g_dl,Albúmina sérica,hep_renal,ambos,3.5–5.0,deshidratacion_hemoconcentracion,Deshidratacion Hemoconcentracion,Renal / volumen,high,0.3,support,baja,0.4,media,baja,0.4,volumen,no,no,all,si,"hct_pct, urea_mg_dl, hb_g_dl",,Albúmina alta + Hematocrito alto + Urea alta = Paciente seco (deshidratado). Buscar causa de pérdida de volumen (vómitos,diarrea,diuréticos). Patrón compatible con hemoconcentración o contracción de volumen. Exigir al menos 2 de los 3 confirmatorios para asegurar que no es solo error de lab.,media,40.0,2.0,2.0,22.0,1.5,6.0,si
VM194,albumin_g_dl,Albúmina sérica,hep_renal,ambos,3.5–5.0,estado_anabolico_bajo,Estado Anabolico Bajo,Hormonal / saciedad,low,0.3,support,baja,0.4,media,baja,0.4,nutricional,no,no,all,si,"creatinine_mg_dl, bmi_kg_m2, hb_g_dl",,Masa muscular escasa o sarcopenia. Si el paciente es anciano,pensar en fragilidad y déficit de vitamina D/proteínas. No se corrige solo comiendo más huevos.,Señal de baja reserva anabólica o masa magra reducida. Útil como patrón de soporte; no afirmar si solo hay IMC bajo leve.,alta,50.0,2.0,2.0,22.0,1.5,6.0,si
VM075,albumin_g_dl,Albúmina sérica,hep_renal,ambos,3.5–5.0,inflamacion,Inflamacion,Inflamación / estrés biológico,low,0.3,support,baja,0.4,media,baja,0.4,consumo_negativos,no,no,all,si,"hscrp_mg_l, esr_mm_h, fibrinogen_mg_dl",,Reactante negativo de fase aguda. Albúmina baja + PCR alta = Inflamación sistémica (artritis,EII,infección oculta). NO es desnutrición en este contexto. Inflamación sistémica de baja o media intensidad. PCR ultrasensible aislada leve no basta; mejor con VSG/fibrinógeno/células.,alta,40.0,2.0,2.0,25.0,1.5,6.0,si
VM098,albumin_g_dl,Albúmina sérica,hep_renal,ambos,3.5–5.0,permeabilidad_intestinal_inflamacion_baja,Permeabilidad Intestinal Inflamacion Baja,Inflamación / estrés biológico,low,0.15,context,baja,0.4,baja,baja,0.4,consumo_negativos,no,no,all,si,"hscrp_mg_l, lymph_abs_x10_3_mm3, ferritin_ng_ml",,Inferencia muy indirecta. Sin calprotectina fecal o zonulina,esto es ruido. Mantener umbral muy alto.,Inferencia muy indirecta de inflamación de bajo grado. [Experimental: Demasiado inferencial para activarlo en runtime.] Muy inespecífico; mantener umbral alto y lenguaje prudente.,baja,75.0,2.0,2.0,26.0,1.5,6.0,no
VM174,albumin_g_dl,Albúmina sérica,hep_renal,ambos,3.5–5.0,retencion_hidrosalina,Retencion Hidrosalina,Renal / volumen,low,0.25,support,baja,0.4,media,baja,0.4,volumen,no,no,all,si,"hct_pct, hb_g_dl, creatinine_mg_dl",BNP_proBNP,"Hemodilución. Albúmina baja + Hematocrito bajo + Hb normal-baja. Pensar en ICC, IRC o SIADH. No es déficit de síntesis hepática, es exceso de agua.",Patrón compatible con expansión de volumen/hemodilución.,Muy inferencial sin datos clínicos de edemas. Buscar siempre causa cardiaca o renal.,media,60.0,2.0,2.0,22.0,1.5,6.0,si
VM160,albumin_g_dl,Albúmina sérica,hep_renal,ambos,3.5–5.0,seguridad_renal,Seguridad renal,Renal / volumen,low,0.15,context,baja,0.4,baja,baja,0.4,volumen,no,no,all,si,"egfr_ml_min_1_73m2, uacr_mg_g, creatinine_mg_dl",,Albúmina baja + proteinuria (UACR) = Síndrome Nefrótico (pérdida renal de proteínas). Derivación a Nefrología prioritaria.,"Bloque de vigilancia renal, filtrado y daño renal subclínico.",Priorizar creatinina/eGFR/UACR. La albúmina sérica es la consecuencia de la proteinuria.,alta,35.0,2.0,2.0,20.0,1.5,6.0,si
VM152,alp_u_l,ALP,hepatica,sexo_especifico,f: 35.0–104.0 | m: 40.0–129.0,componente_hepatobiliar,Componente Hepatobiliar,Hepático,high,0.9,driver,alta,1.0,alta,alta,1.0,colestasis,si,no,all,si,"ggt_u_l, bilirubin_total_mg_dl, alt_u_l",,"Driver de colestasis. OJO: En niños/adolescentes y embarazadas la ALP es fisiológicamente ALTA (origen óseo/placentario). En >60 años con GGT normal, pensar en Paget óseo.",Componente colestásico/hepatobiliar.,Si GGT es normal la ALP alta NO es de origen hepático. Buscar hueso.,alta,40.0,2.0,2.0,24.0,20.0,441.0,si
VM144,alt_u_l,ALT,hepatica,ambos,7.0–41.0,carga_hepatica,Carga Hepatica,Hepático,high,0.85,driver,alta,1.0,alta,alta,1.0,citolisis,si,no,all,si,"albumin_g_dl, ast_u_l, ggt_u_l",,"Driver de citolisis. ALT > 40-80 en paciente con sobrepeso = Hígado Graso No Alcohólico (HGNA) hasta demostrar lo contrario. ALT > 150 = Buscar virus, tóxicos o autoinmune.",Estrés hepatocelular o carga metabólica hepática.,La ALT es más específica de hígado que la AST. AST/ALT > 2 sugiere alcohol.,alta,45.0,2.0,2.0,24.0,10.0,1000.0,si
VM149,alt_u_l,ALT,hepatica,ambos,7.0–41.0,componente_hepatobiliar,Componente Hepatobiliar,Hepático,high,0.2,support,baja,0.4,media,baja,0.4,citolisis,no,no,all,si,"ggt_u_l, alp_u_l, bilirubin_total_mg_dl",,La ALT puede elevarse leve e inespecíficamente en colestasis. Es un actor de reparto. El protagonista es ALP/GGT.,Componente colestásico/hepatobiliar.,Si ALP y GGT son normales ignorar esta regla. ALT aislada no significa colestasis.,alta,40.0,2.0,2.0,24.0,10.0,1000.0,si
VM090,alt_u_l,ALT,hepatica,ambos,7.0–41.0,estres_oxidativo,Estres Oxidativo,Inflamación / estrés biológico,high,0.1,context,baja,0.4,baja,baja,0.4,metabolico_oxidativo,no,no,all,si,"hscrp_mg_l, ggt_u_l, hba1c_pct",,Concepto muy vago. Se activa con PCR,"GGT y HbA1c altos. Es el equivalente analítico a decir ""estilo de vida sedentario y mala dieta"".",Señal indirecta de estrés oxidativo. No usar como driver. Es un recordatorio para recomendar dieta mediterránea y ejercicio.,baja,65.0,2.0,2.0,20.0,10.0,1000.0,si
VM006,alt_u_l,ALT,hepatica,ambos,7.0–41.0,insulinorresistencia,Insulinorresistencia,Metabólico,high,0.7,support,media,0.7,media,media,0.7,hepatico,no,no,all,si,"glucose_mg_dl, hba1c_pct, insulin_uIU_ml",,"La ALT es el ""canario en la mina"" metabólico. Si ALT > 30 (mujer) / 40 (hombre) y cintura alta",hay resistencia insulínica hepática. La dieta baja en fructosa es el tratamiento.,Patrón de hiperinsulinemia compensatoria con afectación hepática. Exigir señal glucémica o insulínica para no sobrediagnosticar por una ALT limítrofe.,alta,45.0,3.0,2.0,28.0,10.0,1000.0,si
VM196,alt_u_l,ALT,hepatica,ambos,7.0–41.0,recambio_muscular_lesion,Recambio Muscular Lesion,Muscular / recambio,high,0.1,context,baja,0.4,baja,baja,0.4,lesion_contexto,no,no,all,si,"ast_u_l, hscrp_mg_l, creatinine_mg_dl",CK_CPK,"Sin CK (Creatina Kinasa), esta regla es CIEGA. ALT y AST pueden venir del músculo. Si el paciente hizo CrossFit ayer, ignorar esta y la regla hepática.",Sospecha de recambio/lesión muscular.,Muy inespecífico sin CK. Mantener desactivado o con umbral altísimo.,baja,70.0,2.0,2.0,24.0,10.0,1000.0,no
VM115,alt_u_l,ALT,hepatica,ambos,7.0–41.0,sobrecarga_ferrica,Sobrecarga Ferrica,Hematínico / nutricional,high,0.2,context,baja,0.4,baja,baja,0.4,hepatico,no,no,all,si,"transferrin_sat_pct, ferritin_ng_ml, iron_ug_dl",,El hierro oxida el hígado. Si Ferritina > 400 y Saturación > 45%,la ALT alta apoya el diagnóstico de Hemocromatosis o Hemosiderosis.,Exceso de hierro con daño hepatocelular. Ferritina alta aislada es ambigua (inflamación). Necesita saturación alta para activar esta regla.,alta,50.0,2.0,2.0,24.0,10.0,1000.0,si
VM026,apob_mg_dl,Apolipoproteína B (ApoB),lipidos,ambos,0.0–89.0,dislipidemia_aterogenica,Dislipidemia Aterogenica,Metabólico,high,1.0,driver,alta,1.0,alta,alta,1.0,carga_aterogenica,si,no,all,si,"triglycerides_mg_dl, hdl_mg_dl, lpa_nmol_l",,"El GOLD STANDARD de riesgo aterogénico. ApoB > 90 significa EXCESO DE PARTÍCULAS (LDL, VLDL, Remanentes). Es más preciso que el LDL-Colesterol. No necesita ayuno para ser fiable.",Patrón de TG altos,HDL bajo y aumento de partículas aterogénicas. Es el driver principal. Si ApoB es alta el riesgo es real aunque el LDL sea normal.,alta,45.0,2.0,2.0,26.0,40.0,200.0,si
VM010,apob_mg_dl,Apolipoproteína B (ApoB),lipidos,ambos,0.0–89.0,insulinorresistencia,Insulinorresistencia,Metabólico,high,0.35,support,baja,0.4,media,baja,0.4,dislipidemia,no,no,all,si,"glucose_mg_dl, hba1c_pct, insulin_uIU_ml",,"La resistencia a la insulina altera el metabolismo de la ApoB (menor depuración hepática). Resultado: ApoB alta con LDL ""normal"" (Patrón B).",Patrón de hiperinsulinemia y dislipidemia aterogénica.,Refuerza la sospecha de riesgo metabólico si la glucosa o insulina están alteradas.,alta,45.0,3.0,2.0,28.0,40.0,200.0,si
VM038,apob_mg_dl,Apolipoproteína B (ApoB),lipidos,ambos,0.0–89.0,riesgo_cardiometabolico_global,Riesgo Cardiometabolico Global,Metabólico,high,0.95,driver,alta,1.0,alta,alta,1.0,carga_aterogenica,si,no,all,si,"lpa_nmol_l, triglycerides_mg_dl, ldl_mg_dl",,Convergencia de factores de riesgo. ApoB alta + Lp(a) alta = Riesgo cardiovascular muy alto. Considerar estatina + ezetimiba independientemente del LDL.,"Integración de carga lipídica, glucídica, inflamatoria y adiposidad central.",Patrón resumen de alto riesgo. Prioridad máxima en consulta de prevención.,alta,65.0,3.0,2.0,30.0,40.0,200.0,si
VM145,ast_u_l,AST,hepatica,ambos,10.0–40.0,carga_hepatica,Carga Hepatica,Hepático,high,0.45,support,baja,0.4,alta,media,0.7,citolisis,no,no,all,si,"alt_u_l, albumin_g_dl, ggt_u_l",,AST menos específica que ALT (está en corazón,músculo,riñón). AST/ALT > 2 sugiere OH. AST/ALT < 1 sugiere HGNA. Estrés hepatocelular o carga metabólica hepática. Interpretar siempre en conjunto con ALT. Si AST > ALT y GGT alta pensar en tóxicos.,alta,45.0,2.0,2.0,24.0,15.0,1000.0,si
VM150,ast_u_l,AST,hepatica,ambos,10.0–40.0,componente_hepatobiliar,Componente Hepatobiliar,Hepático,high,0.15,context,baja,0.4,baja,baja,0.4,citolisis,no,no,all,si,"ggt_u_l, alp_u_l, bilirubin_total_mg_dl",,Igual que ALT en colestasis. Ruido de fondo. No usar para diagnóstico.,Componente colestásico/hepatobiliar.,Priorizar GGT/ALP/Bilirrubina.,alta,40.0,2.0,2.0,24.0,15.0,1000.0,si
VM197,ast_u_l,AST,hepatica,ambos,10.0–40.0,recambio_muscular_lesion,Recambio Muscular Lesion,Muscular / recambio,high,0.1,context,baja,0.4,baja,baja,0.4,lesion_contexto,no,no,all,si,"hscrp_mg_l, alt_u_l, creatinine_mg_dl",CK_CPK,"AST muscular. Sin CK, es imposible diferenciar de AST hepática. Si el paciente tomó estatinas o hizo ejercicio intenso, sospechar músculo.",Sospecha de recambio/lesión muscular.,Desactivado por falta de especificidad.,baja,70.0,2.0,2.0,24.0,15.0,1000.0,no
VM116,ast_u_l,AST,hepatica,ambos,10.0–40.0,sobrecarga_ferrica,Sobrecarga Ferrica,Hematínico / nutricional,high,0.2,context,baja,0.4,baja,baja,0.4,hepatico,no,no,all,si,"transferrin_sat_pct, ferritin_ng_ml, iron_ug_dl",,AST elevada por daño oxidativo del hierro en el hepatocito. Refuerza la sobrecarga férrica.,Exceso de hierro o señal de ferritina alta con saturación aumentada.,Necesita saturación y ferritina altas para ser relevante.,alta,50.0,2.0,2.0,24.0,15.0,1000.0,si
VM147,bilirubin_total_mg_dl,Bilirrubina total,hepatica,ambos,0.2–1.2,carga_hepatica,Carga Hepatica,Hepático,high,0.15,context,baja,0.4,baja,baja,0.4,colestasis,no,no,all,si,"alt_u_l, albumin_g_dl, ast_u_l",,Bilirrubina leve en contexto de transaminasas altas puede indicar hepatitis o cirrosis descompensada. No es específica.,Estrés hepatocelular o carga metabólica hepática.,Usar solo si hay citolisis franca.,alta,45.0,2.0,2.0,24.0,0.1,20.0,si
VM153,bilirubin_total_mg_dl,Bilirrubina total,hepatica,ambos,0.2–1.2,componente_hepatobiliar,Componente Hepatobiliar,Hepático,high,0.85,driver,alta,1.0,alta,alta,1.0,colestasis,si,no,all,si,"ggt_u_l, alp_u_l, alt_u_l",,Driver de ictericia obstructiva o hepatocelular. Bilirrubina > 3.0 mg/dL es visible clínicamente. Buscar obstrucción (ECO) o hemólisis (LDH,Haptoglobina).,Componente colestásico/hepatobiliar. Diferenciar Directa (Obstrucción/Hepatitis) vs Indirecta (Hemólisis/Gilbert). Esta regla asume colestasis si ALP/GGT altas.,alta,40.0,2.0,2.0,24.0,0.1,20.0,si
VM139,bmi_kg_m2,BMI,metabolico,ambos,18.5–24.9,deficit_proteico_catabolismo,Deficit Proteico Catabolismo,Hematínico / nutricional,low,0.35,support,baja,0.4,media,baja,0.4,catabolico_masa,no,no,all,si,"albumin_g_dl, creatinine_mg_dl, urea_mg_dl",,IMC < 18.5 con albúmina baja = Desnutrición tipo Marasmo/Kwashiorkor. Riesgo de infecciones y caídas.,Sospecha de baja disponibilidad proteica o mayor catabolismo.,Confirmar con pérdida de peso involuntaria y fuerza muscular.,alta,50.0,2.0,2.0,22.0,15.0,40.0,si
VM185,bmi_kg_m2,BMI,metabolico,ambos,18.5–24.9,disfuncion_tiroidea_periferica,Disfuncion Tiroidea Periferica,Hormonal / saciedad,high,0.15,context,baja,0.4,baja,baja,0.4,fenotipo,no,no,all,si,"tsh_mIU_l, ft4_ng_dl",,Obesidad causa elevación leve de TSH por adaptación (resistencia periférica). No tratar con Levotiroxina si TSH < 7-8 y Acs TPO negativos.,Disfunción tiroidea operativa con reflejo metabólico.,TSH/FT4 deben liderar; el IMC solo da contexto.,alta,45.0,2.0,1.0,22.0,15.0,40.0,si
VM184,bmi_kg_m2,BMI,metabolico,ambos,18.5–24.9,disfuncion_tiroidea_periferica,Disfuncion Tiroidea Periferica,Hormonal / saciedad,low,0.15,context,baja,0.4,baja,baja,0.4,fenotipo,no,no,all,si,"tsh_mIU_l, ft4_ng_dl",,Pérdida de peso con TSH baja = Hipertiroidismo clínico. Adelgazar sin querer con TSH alta = sospechar otra neoplasia oculta.,Disfunción tiroidea operativa con reflejo metabólico.,TSH/FT4 deben liderar.,alta,45.0,2.0,1.0,22.0,15.0,40.0,si
VM193,bmi_kg_m2,BMI,metabolico,ambos,18.5–24.9,estado_anabolico_bajo,Estado Anabolico Bajo,Hormonal / saciedad,low,0.35,support,baja,0.4,media,baja,0.4,catabolico_masa,no,no,all,si,"creatinine_mg_dl, albumin_g_dl, hb_g_dl",,Sarcopenia o fragilidad. IMC bajo con poca masa muscular. Riesgo de caídas y dependencia.,Señal de baja reserva anabólica o masa magra reducida.,Reforzar con dinamometría si es posible.,alta,50.0,2.0,2.0,22.0,15.0,40.0,si
VM008,bmi_kg_m2,BMI,metabolico,ambos,18.5–24.9,insulinorresistencia,Insulinorresistencia,Metabólico,high,0.35,support,baja,0.4,media,baja,0.4,adiposidad,no,no,all,si,"glucose_mg_dl, hba1c_pct, insulin_uIU_ml",,El IMC es un proxy imperfecto. La cintura es mejor. IMC > 27 con glucemia alterada confirma riesgo.,Patrón de hiperinsulinemia compensatoria y exceso adiposo.,Exigir señal glucémica o insulínica.,alta,45.0,3.0,2.0,28.0,15.0,40.0,si
VM179,bmi_kg_m2,BMI,metabolico,ambos,18.5–24.9,resistencia_leptinica_saciedad,Resistencia Leptinica Saciedad,Hormonal / saciedad,high,0.4,support,media,0.7,alta,media,0.7,adiposidad,no,no,all,si,"waist_cm, insulin_uIU_ml, triglycerides_mg_dl",,"IMC alto + Cintura alta + Insulina alta = Cerebro ""sordo"" a la leptina. El paciente no tiene saciedad. Clave en manejo de obesidad.",Patrón antropométrico-metabólico sugerente de señal leptínica ineficaz.,Cintura debe acompañarse de señal metabólica/inflamatoria.,alta,60.0,2.0,2.0,24.0,15.0,40.0,si
VM172,bmi_kg_m2,BMI,metabolico,ambos,18.5–24.9,retencion_hidrosalina,Retencion Hidrosalina,Renal / volumen,high,0.1,context,baja,0.4,baja,baja,0.4,metabolico,no,no,all,si,"hct_pct, albumin_g_dl, hb_g_dl",,IMC alto por edemas (ICC,IRC,Cirrosis). No es obesidad. El peso fluctúa mucho. Confirmar con signo de fóvea. Patrón compatible con expansión de volumen/hemodilución. No usar IMC como marcador de volumen sin clínica de edemas.,media,60.0,2.0,2.0,22.0,15.0,40.0,si
VM035,bmi_kg_m2,BMI,metabolico,ambos,18.5–24.9,riesgo_cardiometabolico_global,Riesgo Cardiometabolico Global,Metabólico,high,0.15,context,baja,0.4,baja,baja,0.4,adiposidad,no,no,all,si,"apob_mg_dl, lpa_nmol_l, triglycerides_mg_dl",,Factor de riesgo modificable. La reducción del 10% del peso mejora TODOS los parámetros analíticos.,"Integración de carga lipídica, glucídica, inflamatoria y adiposidad central.",Patrón resumen; requiere convergencia lipídica y metabólica.,alta,65.0,3.0,2.0,30.0,15.0,40.0,si
VM053,bmi_kg_m2,BMI,metabolico,ambos,18.5–24.9,sindrome_metabolico_patron,Sindrome Metabolico Patron,Metabólico,high,0.3,support,baja,0.4,media,baja,0.4,adiposidad,no,no,all,si,"glucose_mg_dl, triglycerides_mg_dl, hdl_mg_dl",,Obesidad central (IMC > 30 o cintura > 88/102). Criterio mayor de Sd. Metabólico.,"Agrupación operativa de adiposidad central, glucosa y lípidos.",Buscar 3 de 5 criterios.,alta,65.0,3.0,3.0,32.0,15.0,40.0,si
VM133,chol_total_mg_dl,Colesterol total,lipidos,ambos,0.0–199.0,deficit_proteico_catabolismo,Deficit Proteico Catabolismo,Hematínico / nutricional,low,0.35,support,media,0.7,media,media,0.7,nutricional,no,si,all,si,"albumin_g_dl, creatinine_mg_dl, bmi_kg_m2",,Hipocolesterolemia < 120 mg/dL en adulto sin tratamiento es un SIGNO DE ALARMA. Descartar neoplasia oculta,hipertiroidismo o malabsorción severa.,Sospecha de baja disponibilidad proteica o mayor catabolismo. No es benigno en ancianos. Investigar.,alta,50.0,2.0,2.0,22.0,100.0,1000.0,si
VM183,chol_total_mg_dl,Colesterol total,lipidos,ambos,0.0–199.0,disfuncion_tiroidea_periferica,Disfuncion Tiroidea Periferica,Hormonal / saciedad,high,0.35,support,media,0.7,media,media,0.7,repercusion_lipidica,no,si,all,si,"tsh_mIU_l, ft4_ng_dl",,Hipotiroidismo subclínico (TSH 5-10) eleva el colesterol. Corregir tiroides baja el LDL un 10-15%. Si TSH normal,el colesterol es dieta/genética.,Disfunción tiroidea operativa con reflejo metabólico. TSH/FT4 deben liderar; lípidos sólo refuerzan.,alta,45.0,2.0,1.0,22.0,100.0,1000.0,si
VM024,chol_total_mg_dl,Colesterol total,lipidos,ambos,0.0–199.0,dislipidemia_aterogenica,Dislipidemia Aterogenica,Metabólico,high,0.1,context,baja,0.4,baja,baja,0.4,carga_aterogenica,no,si,all,si,"triglycerides_mg_dl, apob_mg_dl, hdl_mg_dl",,Marcador OBSOLETO y de muy baja especificidad. Un CT de 210 con HDL 90 y TG 60 es un paciente PROTEGIDO. No activar riesgo por CT solo.,"Patrón de TG altos, HDL bajo y aumento de partículas aterogénicas.",No usar. Priorizar ApoB y No-HDL.,baja,45.0,2.0,2.0,26.0,100.0,1000.0,si
VM129,creatinine_mg_dl,Creatinina,renal,sexo_especifico,f: 0.6–1.1 | m: 0.7–1.3,alteracion_metabolismo_folato_b12_homocisteina,Alteracion Metabolismo Folato B12 Homocisteina,Hematínico / nutricional,high,0.1,context,baja,0.4,baja,baja,0.4,contexto_metabolico,no,no,all,si,"vitb12_pg_ml, folate_ng_ml, mcv_fl",,La homocisteína alta daña el endotelio renal. Creatinina elevada en contexto de déficit B12/folato puede indicar nefroangioesclerosis incipiente.,Versión ampliada del eje B12/folato.,Más exigente que eje simple; precisa déficit vitamínico con contexto renal.,alta,55.0,2.0,2.0,24.0,0.3,3.0,si
VM042,creatinine_mg_dl,Creatinina,renal,sexo_especifico,f: 0.6–1.1 | m: 0.7–1.3,carga_hiperuricemica,Carga Hiperuricemica,Metabólico,high,0.6,support,media,0.7,media,media,0.7,renal,no,no,all,si,"uric_acid_mg_dl, egfr_ml_min_1_73m2, insulin_uIU_ml",,Nefropatía por uratos o hiperuricemia asintomática. El ácido úrico alto y la creatinina alta forman un círculo vicioso.,Tendencia a hiperuricemia con afectación renal.,Excelente marcador de riesgo renal en paciente metabólico.,alta,45.0,2.0,2.0,24.0,0.3,3.0,si
VM136,creatinine_mg_dl,Creatinina,renal,sexo_especifico,f: 0.6–1.1 | m: 0.7–1.3,deficit_proteico_catabolismo,Deficit Proteico Catabolismo,Hematínico / nutricional,low,0.5,support,media,0.7,media,media,0.7,catabolico_masa,no,no,all,si,"albumin_g_dl, bmi_kg_m2, urea_mg_dl",,Creatinina baja = Poca masa muscular. En ancianos o encamados,"la creatinina ""normal"" puede esconder una ERC grave. Calcular SIEMPRE el eGFR.",Sospecha de baja masa muscular o desnutrición. No asumir buena función renal si creatinina es baja. Calcular eGFR y ajustar fármacos.,alta,50.0,2.0,2.0,22.0,0.3,3.0,si
VM164,creatinine_mg_dl,Creatinina,renal,sexo_especifico,f: 0.6–1.1 | m: 0.7–1.3,deshidratacion_hemoconcentracion,Deshidratacion Hemoconcentracion,Renal / volumen,high,0.4,support,media,0.7,media,media,0.7,renal,no,no,all,si,"hct_pct, urea_mg_dl, hb_g_dl",,Fracaso Renal Agudo Pre-Renal. Urea/Creatinina > 40. El riñón está sano pero seco. Tratamiento: Suero,no diurético.,Patrón compatible con hemoconcentración o contracción de volumen. Exigir hemoconcentración más urea elevada.,media,40.0,2.0,2.0,22.0,0.3,3.0,si
VM191,creatinine_mg_dl,Creatinina,renal,sexo_especifico,f: 0.6–1.1 | m: 0.7–1.3,estado_anabolico_bajo,Estado Anabolico Bajo,Hormonal / saciedad,low,0.35,support,baja,0.4,media,baja,0.4,catabolico_masa,no,no,all,si,"bmi_kg_m2, albumin_g_dl, hb_g_dl",,Misma lógica que déficit proteico. Poca masa muscular.,Señal de baja reserva anabólica o masa magra reducida.,Útil como patrón de soporte.,alta,50.0,2.0,2.0,22.0,0.3,3.0,si
VM062,creatinine_mg_dl,Creatinina,renal,sexo_especifico,f: 0.6–1.1 | m: 0.7–1.3,estado_purinico,Estado Purinico,Metabólico,high,0.15,context,baja,0.4,baja,baja,0.4,renal,no,no,all,si,"uric_acid_mg_dl, egfr_ml_min_1_73m2",,Contexto purínico. Creatinina y AU altos juntos son malos compañeros de viaje para el riñón.,Lectura operativa del eje purinas/ácido úrico.,Describe tono úrico/purínico.,alta,55.0,1.0,1.0,18.0,0.3,3.0,si
VM199,creatinine_mg_dl,Creatinina,renal,sexo_especifico,f: 0.6–1.1 | m: 0.7–1.3,recambio_muscular_lesion,Recambio Muscular Lesion,Muscular / recambio,high,0.1,context,baja,0.4,baja,baja,0.4,catabolico_masa,no,no,all,si,"ast_u_l, hscrp_mg_l, alt_u_l",CK_CPK,Rabdomiolisis. Creatinina alta + AST alta + CK alta (no medida). Es una emergencia dialítica. Mantener desactivado sin CK.,Sospecha de recambio/lesión muscular.,Muy inespecífico sin CK.,baja,70.0,2.0,2.0,24.0,0.3,3.0,no
VM198,creatinine_mg_dl,Creatinina,renal,sexo_especifico,f: 0.6–1.1 | m: 0.7–1.3,recambio_muscular_lesion,Recambio Muscular Lesion,Muscular / recambio,low,0.1,context,baja,0.4,baja,baja,0.4,catabolico_masa,no,no,all,si,"ast_u_l, hscrp_mg_l, alt_u_l",,Creatinina baja por atrofia muscular. Sin especificidad.,Sospecha de recambio/lesión muscular.,Muy inespecífico.,baja,70.0,2.0,2.0,24.0,0.3,3.0,no
VM170,creatinine_mg_dl,Creatinina,renal,sexo_especifico,f: 0.6–1.1 | m: 0.7–1.3,retencion_hidrosalina,Retencion Hidrosalina,Renal / volumen,high,0.15,context,baja,0.4,baja,baja,0.4,renal,no,no,all,si,"hct_pct, albumin_g_dl, hb_g_dl",BNP_proBNP,"Creatinina elevada por congestión venosa renal (Síndrome Cardio-Renal). Paciente hinchado, no seco.",Patrón compatible con expansión de volumen/hemodilución.,Muy inferencial; mantener prudencia.,media,60.0,2.0,2.0,22.0,0.3,3.0,si
VM155,creatinine_mg_dl,Creatinina,renal,sexo_especifico,f: 0.6–1.1 | m: 0.7–1.3,seguridad_renal,Seguridad renal,Renal / volumen,high,0.9,driver,alta,1.0,alta,alta,1.0,renal,si,no,all,si,"egfr_ml_min_1_73m2, uacr_mg_g, urea_mg_dl",,Driver de Daño Renal Agudo o Crónico. Una creatinina > 1.3 en mujer joven es ERC hasta no descartarlo. Un delta > 0.3 en 48h es Fracaso Renal Agudo (AKI).,"Bloque de vigilancia renal, filtrado y daño renal subclínico.",Prioridad máxima en analítica de rutina.,alta,35.0,2.0,2.0,20.0,0.3,3.0,si
VM130,egfr_ml_min_1_73m2,eGFR,renal,ambos,>=90.0,alteracion_metabolismo_folato_b12_homocisteina,Alteracion Metabolismo Folato B12 Homocisteina,Hematínico / nutricional,low,0.1,context,baja,0.4,baja,baja,0.4,contexto_metabolico,no,no,all,si,"vitb12_pg_ml, folate_ng_ml, mcv_fl",,Mismo contexto que creatinina. eGFR bajo en déficit B12 indica daño vascular establecido.,Versión ampliada del eje B12/folato.,Más exigente que eje simple.,alta,55.0,2.0,2.0,24.0,15.0,120.0,si
VM043,egfr_ml_min_1_73m2,eGFR,renal,ambos,>=90.0,carga_hiperuricemica,Carga Hiperuricemica,Metabólico,low,0.65,support,alta,1.0,media,media,0.7,renal,no,no,all,si,"uric_acid_mg_dl, insulin_uIU_ml, triglycerides_mg_dl",,La hiperuricemia y la insulino-resistencia bajan el filtrado glomerular por vasoconstricción aferente. Marcador precoz de daño renal metabólico.,Tendencia a hiperuricemia con afectación del filtrado.,Ácido úrico alto + eGFR 60-90 es señal de alerta metabólica.,alta,45.0,2.0,2.0,24.0,15.0,120.0,si
VM063,egfr_ml_min_1_73m2,eGFR,renal,ambos,>=90.0,estado_purinico,Estado Purinico,Metabólico,low,0.4,support,media,0.7,media,media,0.7,renal,no,no,all,si,"uric_acid_mg_dl, triglycerides_mg_dl",,eGFR bajo en contexto de ácido úrico alto. Refuerza el estado purínico.,Lectura operativa del eje purinas/ácido úrico.,Describe tono úrico/purínico.,alta,55.0,1.0,1.0,18.0,15.0,120.0,si
VM171,egfr_ml_min_1_73m2,eGFR,renal,ambos,>=90.0,retencion_hidrosalina,Retencion Hidrosalina,Renal / volumen,low,0.15,context,baja,0.4,baja,baja,0.4,renal,no,no,all,si,"hct_pct, albumin_g_dl, hb_g_dl",BNP_proBNP,Cardio-Renal. eGFR bajo por congestión. Usar diuréticos con cuidado.,Patrón compatible con expansión de volumen/hemodilución.,Muy inferencial.,media,60.0,2.0,2.0,22.0,15.0,120.0,si
VM156,egfr_ml_min_1_73m2,eGFR,renal,ambos,>=90.0,seguridad_renal,Seguridad renal,Renal / volumen,low,1.0,driver,alta,1.0,alta,alta,1.0,renal,si,no,all,si,"uacr_mg_g, creatinine_mg_dl, urea_mg_dl",,Driver de Insuficiencia Renal. eGFR < 60 mantenido 3 meses = ERC. eGFR < 30 = Nefrología urgente. Ajustar TODOS los fármacos.,"Bloque de vigilancia renal, filtrado y daño renal subclínico.",Alerta máxima si UACR también está elevado.,alta,35.0,2.0,2.0,20.0,15.0,120.0,si
VM077,esr_mm_h,VSG (ESR),inflamacion,sexo_especifico,f: 0.0–20.0 | m: 0.0–15.0,activacion_inmune,Activacion Inmune,Inflamación / estrés biológico,high,0.2,context,baja,0.4,baja,baja,0.4,reactantes,no,no,all,si,"wbc_x10_3_mm3, neut_abs_x10_3_mm3, hscrp_mg_l",,VSG es lenta (sube en 48h,tarda semanas en bajar). VSG > 100 casi siempre es infección crónica,neoplasia o arteritis de células gigantes. Activación inmunitaria o patrón leucocitario reactivo. Necesita coherencia con leucocitos o PCR.,media,55.0,2.0,2.0,24.0,1.0,100.0,si
VM069,esr_mm_h,VSG (ESR),inflamacion,sexo_especifico,f: 0.0–20.0 | m: 0.0–15.0,inflamacion,Inflamacion,Inflamación / estrés biológico,high,0.35,support,baja,0.4,media,baja,0.4,reactantes,no,no,all,si,"hscrp_mg_l, fibrinogen_mg_dl, wbc_x10_3_mm3",,Marcador inespecífico de inflamación. Se eleva con la edad y anemia. No es solo infección.,Inflamación sistémica de baja o media intensidad.,Mejor con PCR o fibrinógeno.,alta,40.0,2.0,2.0,25.0,1.0,100.0,si
VM083,ferritin_ng_ml,Ferritina,hierro,sexo_especifico,f: 15.0–150.0 | m: 30.0–400.0,activacion_inmune,Activacion Inmune,Inflamación / estrés biológico,high,0.2,context,baja,0.4,baja,baja,0.4,reactantes,no,no,all,si,"wbc_x10_3_mm3, neut_abs_x10_3_mm3, hscrp_mg_l",,Ferritina es reactante de fase aguda. Ferritina > 500 con PCR alta = Inflamación. No es sobrecarga de hierro.,Activación inmunitaria o patrón leucocitario reactivo.,Sospechar sobrecarga férrica solo si la saturación es > 45%.,media,55.0,2.0,2.0,24.0,10.0,500.0,si
VM143,ferritin_ng_ml,Ferritina,hierro,sexo_especifico,f: 15.0–150.0 | m: 30.0–400.0,carga_hepatica,Carga Hepatica,Hepático,high,0.2,context,baja,0.4,baja,baja,0.4,metabolico,no,no,all,si,"alt_u_l, albumin_g_dl, ast_u_l",,Ferritina elevada en HGNA. Es marcador de severidad de la esteatohepatitis.,Estrés hepatocelular o carga metabólica hepática.,Si ALT es normal la ferritina alta aislada es probablemente metabólica.,alta,45.0,2.0,2.0,24.0,10.0,500.0,si
VM104,ferritin_ng_ml,Ferritina,hierro,sexo_especifico,f: 15.0–150.0 | m: 30.0–400.0,deficit_hierro_eritropoyesis,Deficit Hierro Eritropoyesis,Hematínico / nutricional,low,1.0,driver,alta,1.0,alta,alta,1.0,hierro,si,no,all,si,"transferrin_sat_pct, hb_g_dl, mcv_fl",,"Driver absoluto de ferropenia. Ferritina < 20-30 ng/mL = Depósitos vacíos. En mujer con menstruación, Ferritina < 50 ya es sintomática (astenia, caída de pelo). Tratar con hierro oral SIEMPRE.",Déficit de hierro funcional o absoluto con impacto eritropoyético.,Requiere convergencia hierro-hemograma.,alta,45.0,3.0,2.0,24.0,10.0,500.0,si
VM089,ferritin_ng_ml,Ferritina,hierro,sexo_especifico,f: 15.0–150.0 | m: 30.0–400.0,estres_oxidativo,Estres Oxidativo,Inflamación / estrés biológico,high,0.15,context,baja,0.4,baja,baja,0.4,reactantes,no,no,all,si,"hscrp_mg_l, ggt_u_l, hba1c_pct",,Ferritina como antioxidante/pro-oxidante. Ruido de fondo en paciente metabólico.,Señal indirecta de estrés oxidativo.,Concepto de apoyo.,baja,65.0,2.0,2.0,20.0,10.0,500.0,si
VM073,ferritin_ng_ml,Ferritina,hierro,sexo_especifico,f: 15.0–150.0 | m: 30.0–400.0,inflamacion,Inflamacion,Inflamación / estrés biológico,high,0.2,context,baja,0.4,baja,baja,0.4,reactantes,no,no,all,si,"hscrp_mg_l, esr_mm_h, fibrinogen_mg_dl",,Ferritina como reactante. Si hay fiebre o PCR alta,ignorar la ferritina para el estudio de hierro.,Inflamación sistémica de baja o media intensidad. Mejor con VSG/fibrinógeno/células.,alta,40.0,2.0,2.0,25.0,10.0,500.0,si
VM097,ferritin_ng_ml,Ferritina,hierro,sexo_especifico,f: 15.0–150.0 | m: 30.0–400.0,permeabilidad_intestinal_inflamacion_baja,Permeabilidad Intestinal Inflamacion Baja,Inflamación / estrés biológico,high,0.15,context,baja,0.4,baja,baja,0.4,reactantes,no,no,all,si,"hscrp_mg_l, lymph_abs_x10_3_mm3, albumin_g_dl",,Inferencia muy indirecta. Ruido. Mantener desactivado.,Inferencia muy indirecta de inflamación de bajo grado.,Muy inespecífico.,baja,75.0,2.0,2.0,26.0,10.0,500.0,no
VM110,ferritin_ng_ml,Ferritina,hierro,sexo_especifico,f: 15.0–150.0 | m: 30.0–400.0,sobrecarga_ferrica,Sobrecarga Ferrica,Hematínico / nutricional,high,0.9,driver,alta,1.0,alta,alta,1.0,hierro,si,no,all,si,"transferrin_sat_pct, iron_ug_dl, transferrin_mg_dl",,Driver de sobrecarga. Ferritina > 400 (H) / > 300 (M) + Saturación > 45% = Descartar Hemocromatosis (Gen HFE). Causa cirrosis y diabetes.,Exceso de hierro o señal de ferritina alta con saturación aumentada.,Ferritina alta aislada sin saturación alta es inflamación.,alta,50.0,2.0,2.0,24.0,10.0,500.0,si
VM078,fibrinogen_mg_dl,Fibrinógeno,coagulacion,ambos,200.0–400.0,activacion_inmune,Activacion Inmune,Inflamación / estrés biológico,high,0.2,context,baja,0.4,baja,baja,0.4,reactantes,no,no,all,si,"wbc_x10_3_mm3, neut_abs_x10_3_mm3, hscrp_mg_l",,Reactante de fase aguda hepático. Fibrinógeno alto = riesgo trombótico. Fibrinógeno bajo = riesgo hemorrágico (CID,fallo hepático).,Activación inmunitaria o patrón leucocitario reactivo. Necesita coherencia clínica.,media,55.0,2.0,2.0,24.0,100.0,700.0,si
VM070,fibrinogen_mg_dl,Fibrinógeno,coagulacion,ambos,200.0–400.0,inflamacion,Inflamacion,Inflamación / estrés biológico,high,0.35,support,baja,0.4,media,baja,0.4,reactantes,no,no,all,si,"hscrp_mg_l, esr_mm_h, wbc_x10_3_mm3",,Confirma inflamación sistémica. Más específico que VSG.,Inflamación sistémica de baja o media intensidad.,Útil junto a PCR.,alta,40.0,2.0,2.0,25.0,100.0,700.0,si
VM128,folate_ng_ml,Folato,nutricional,ambos,2.0–20.0,alteracion_metabolismo_folato_b12_homocisteina,Alteracion Metabolismo Folato B12 Homocisteina,Hematínico / nutricional,low,0.95,driver,alta,1.0,alta,alta,1.0,vitaminas,si,no,all,si,"vitb12_pg_ml, mcv_fl, rdw_pct",,Driver de déficit de folato. Causa anemia macrocítica y eleva la homocisteína (riesgo vascular). El embarazo y el alcoholismo son causas frecuentes.,Versión ampliada del eje B12/folato.,Si B12 es normal y folato bajo suplementar con Ácido Fólico 5mg/día.,alta,55.0,2.0,2.0,24.0,1.5,25.0,si
VM124,folate_ng_ml,Folato,nutricional,ambos,2.0–20.0,eje_b12_folato,Eje B12 Folato,Hematínico / nutricional,low,1.0,driver,alta,1.0,alta,alta,1.0,vitaminas,si,no,all,si,"vitb12_pg_ml, mcv_fl, hb_g_dl",,Driver del eje vitamínico. Folato bajo + B12 baja = Malabsorción global (p. ej.,celiaquía,gastritis atrófica). Déficit del eje vitamínico B12/folato con reflejo hematimétrico. Buscar causa digestiva.,alta,45.0,2.0,2.0,22.0,1.5,25.0,si
VM189,ft4_ng_dl,T4 libre (FT4),tiroides,ambos,0.85–1.95,disfuncion_tiroidea_periferica,Disfuncion Tiroidea Periferica,Hormonal / saciedad,high,0.85,driver,alta,1.0,alta,alta,1.0,eje_tiroideo,si,no,all,si,"tsh_mIU_l, ldl_mg_dl",,Hipertiroidismo bioquímico. FT4 alta + TSH baja = Hipertiroidismo primario clínico (Enf. Graves,Bocio Nodular). Riesgo de FA.,Disfunción tiroidea operativa con TSH/FT4 y reflejo metabólico. Confirmar con TSH suprimida.,alta,45.0,2.0,1.0,22.0,0.4,5.0,si
VM188,ft4_ng_dl,T4 libre (FT4),tiroides,ambos,0.85–1.95,disfuncion_tiroidea_periferica,Disfuncion Tiroidea Periferica,Hormonal / saciedad,low,0.85,driver,alta,1.0,alta,alta,1.0,eje_tiroideo,si,no,all,si,"tsh_mIU_l, ldl_mg_dl",,Hipotiroidismo primario. FT4 baja + TSH alta = Hipotiroidismo clínico. Requiere tratamiento sustitutivo (Levotiroxina).,Disfunción tiroidea operativa con TSH/FT4.,Confirmar con TSH elevada.,alta,45.0,2.0,1.0,22.0,0.4,5.0,si
VM146,ggt_u_l,GGT,hepatica,ambos,10.0–50.0,carga_hepatica,Carga Hepatica,Hepático,high,0.4,support,baja,0.4,media,baja,0.4,colestasis,no,no,all,si,"alt_u_l, albumin_g_dl, ast_u_l",,GGT elevada con transaminasas altas. Si AST/ALT < 1 y GGT alta,sugiere HGNA. Si AST/ALT > 2 y GGT alta,sugiere OH. Estrés hepatocelular o carga metabólica hepática. Es el marcador más sensible de daño hepático subclínico.,alta,45.0,2.0,2.0,24.0,10.0,1000.0,si
VM151,ggt_u_l,GGT,hepatica,ambos,10.0–50.0,componente_hepatobiliar,Componente Hepatobiliar,Hepático,high,0.9,driver,alta,1.0,alta,alta,1.0,colestasis,si,no,all,si,"alp_u_l, bilirubin_total_mg_dl, alt_u_l",,Driver de colestasis. GGT es el marcador más específico de origen hepático de la ALP. Si GGT normal y ALP alta,la ALP es de origen ÓSEO.,Componente colestásico/hepatobiliar. Indispensable para interpretar la ALP.,alta,40.0,2.0,2.0,24.0,10.0,1000.0,si
VM091,ggt_u_l,GGT,hepatica,ambos,10.0–50.0,estres_oxidativo,Estres Oxidativo,Inflamación / estrés biológico,high,0.3,support,baja,0.4,media,baja,0.4,metabolico_oxidativo,no,no,all,si,"hscrp_mg_l, hba1c_pct, triglycerides_mg_dl",,La GGT es un marcador de estrés oxidativo sistémico y depósito de grasa hepática. GGT alta en obeso no bebedor es HGNA.,Señal indirecta de estrés oxidativo.,Excelente marcador de riesgo metabólico.,baja,65.0,2.0,2.0,20.0,10.0,1000.0,si
VM117,ggt_u_l,GGT,hepatica,ambos,10.0–50.0,sobrecarga_ferrica,Sobrecarga Ferrica,Hematínico / nutricional,high,0.2,context,baja,0.4,baja,baja,0.4,hepatico,no,no,all,si,"transferrin_sat_pct, ferritin_ng_ml, iron_ug_dl",,El hierro induce GGT. Refuerza la sobrecarga férrica.,Exceso de hierro o señal de ferritina alta con saturación aumentada.,Necesita saturación alta.,alta,50.0,2.0,2.0,24.0,10.0,1000.0,si
VM055,glucose_mg_dl,Glucosa,metabolica,ambos,70.0–99.0,carga_pancreatica_glucidica,Carga Pancreatica Glucidica,Metabólico,high,0.85,driver,alta,1.0,alta,alta,1.0,glucemia,si,si,all,si,"insulin_uIU_ml, hba1c_pct",,Hiperglucemia con hiperinsulinemia compensadora. El páncreas está trabajando al límite. Prediabetes.,Sobrecarga de la regulación pancreática de la glucosa.,Insulina alta con glucosa 100-125 es el estado de alarma.,alta,45.0,2.0,2.0,24.0,50.0,400.0,si
VM012,glucose_mg_dl,Glucosa,metabolica,ambos,70.0–99.0,disfuncion_glucidica,Disfuncion Glucidica,Metabólico,high,0.95,driver,alta,1.0,alta,alta,1.0,glucemia,si,si,all,si,"hba1c_pct, insulin_uIU_ml",,Driver de Diabetes Mellitus. Glucosa en ayunas > 126 mg/dL en dos ocasiones = DM. > 200 al azar con síntomas = DM.,Pérdida de homeostasis glucémica; hiperglucemia sostenida.,El diagnóstico es por glucosa o HbA1c. La insulina solo modula.,alta,40.0,2.0,1.0,22.0,50.0,400.0,si
VM011,glucose_mg_dl,Glucosa,metabolica,ambos,70.0–99.0,disfuncion_glucidica,Disfuncion Glucidica,Metabólico,low,0.95,driver,alta,1.0,alta,alta,1.0,glucemia,si,si,all,si,"hba1c_pct, insulin_uIU_ml",,Hipoglucemia < 70 mg/dL. En paciente no diabético,descartar insulinoma o déficit adrenal. En diabético,ajustar fármacos. Pérdida de homeostasis glucémica; hipoglucemia. Riesgo neurológico si es severa.,alta,40.0,2.0,1.0,22.0,50.0,400.0,si
VM001,glucose_mg_dl,Glucosa,metabolica,ambos,70.0–99.0,insulinorresistencia,Insulinorresistencia,Metabólico,high,0.85,driver,alta,1.0,alta,alta,1.0,glucemia,si,si,all,si,"hba1c_pct, insulin_uIU_ml, triglycerides_mg_dl",,Glucosa alterada en ayunas (100-125) es marcador de resistencia insulínica hepática. El hígado produce glucosa de noche sin control.,Patrón de hiperinsulinemia compensatoria y tendencia a disglucemia.,Confirmar con insulina elevada.,alta,45.0,3.0,2.0,28.0,50.0,400.0,si
VM028,glucose_mg_dl,Glucosa,metabolica,ambos,70.0–99.0,riesgo_cardiometabolico_global,Riesgo Cardiometabolico Global,Metabólico,high,0.3,support,media,0.7,media,media,0.7,glucometabolico,no,si,all,si,"apob_mg_dl, lpa_nmol_l, triglycerides_mg_dl",,La disglucemia es el eje central del riesgo cardiometabólico. Glucosa > 100 ya eleva el riesgo cardiovascular.,"Integración de carga lipídica, glucídica, inflamatoria y adiposidad central.",Patrón resumen; requiere convergencia lipídica y metabólica.,alta,65.0,3.0,2.0,30.0,50.0,400.0,si
VM047,glucose_mg_dl,Glucosa,metabolica,ambos,70.0–99.0,sindrome_metabolico_patron,Sindrome Metabolico Patron,Metabólico,high,0.95,driver,alta,1.0,alta,alta,1.0,glucemia,si,si,all,si,"triglycerides_mg_dl, hdl_mg_dl, waist_cm",,Criterio mayor de Sd. Metabólico. Glucosa >= 100 mg/dL o tratamiento para diabetes.,"Agrupación operativa de adiposidad central, glucosa alterada y dislipidemia.",Requiere 3 de 5 criterios.,alta,65.0,3.0,3.0,32.0,50.0,400.0,si
VM099,hb_g_dl,Hemoglobina,hematologia,sexo_especifico,f: 11.5–14.5 | m: 13.5–17.5,deficit_hierro_eritropoyesis,Deficit Hierro Eritropoyesis,Hematínico / nutricional,low,0.9,driver,alta,1.0,alta,alta,1.0,hemograma,si,no,all,si,"transferrin_sat_pct, mcv_fl, rdw_pct",,Anemia ferropénica. Hb baja + VCM bajo (<80) + Ferritina baja. Causa: pérdidas crónicas (menstruación,colon). En >50 años,descartar cáncer de colon. Déficit de hierro funcional o absoluto con impacto eritropoyético. Confirmar con ferritina y saturación.,alta,45.0,3.0,2.0,24.0,7.0,18.0,si
VM135,hb_g_dl,Hemoglobina,hematologia,sexo_especifico,f: 11.5–14.5 | m: 13.5–17.5,deficit_proteico_catabolismo,Deficit Proteico Catabolismo,Hematínico / nutricional,low,0.2,context,baja,0.4,baja,baja,0.4,nutricional,no,no,all,si,"albumin_g_dl, creatinine_mg_dl, bmi_kg_m2",,Anemia por desnutrición proteica. Poco frecuente en países desarrollados. Pensar en alcoholismo severo o anorexia.,Sospecha de baja disponibilidad proteica o mayor catabolismo.,Descartar déficit de hierro o B12 primero.,alta,50.0,2.0,2.0,22.0,7.0,18.0,si
VM161,hb_g_dl,Hemoglobina,hematologia,sexo_especifico,f: 11.5–14.5 | m: 13.5–17.5,deshidratacion_hemoconcentracion,Deshidratacion Hemoconcentracion,Renal / volumen,high,0.4,support,media,0.7,media,media,0.7,volumen,no,no,all,si,"hct_pct, urea_mg_dl, creatinine_mg_dl",,Hemoconcentración. Hb y Hto falsamente elevados por falta de volumen plasmático. La verdadera poliglobulia se confirma con masa eritrocitaria.,Patrón compatible con hemoconcentración.,Descartar deshidratación antes de derivar a Hematología.,media,40.0,2.0,2.0,22.0,7.0,18.0,si
VM118,hb_g_dl,Hemoglobina,hematologia,sexo_especifico,f: 11.5–14.5 | m: 13.5–17.5,eje_b12_folato,Eje B12 Folato,Hematínico / nutricional,low,0.4,support,media,0.7,media,media,0.7,hemograma,no,no,all,si,"vitb12_pg_ml, folate_ng_ml, mcv_fl",,Anemia macrocítica (VCM > 100). Descartar déficit B12 y folato. Si ambos son normales,pensar en Sd. Mielodisplásico (anciano) o Hipotiroidismo.,Déficit del eje vitamínico B12/folato con reflejo hematimétrico. Confirmar con niveles vitamínicos.,alta,45.0,2.0,2.0,22.0,7.0,18.0,si
VM190,hb_g_dl,Hemoglobina,hematologia,sexo_especifico,f: 11.5–14.5 | m: 13.5–17.5,estado_anabolico_bajo,Estado Anabolico Bajo,Hormonal / saciedad,low,0.2,context,baja,0.4,baja,baja,0.4,nutricional,no,no,all,si,"creatinine_mg_dl, bmi_kg_m2, albumin_g_dl",,Anemia normocítica en contexto de desnutrición o enfermedad crónica. No responde a hierro.,Señal de baja reserva anabólica o masa magra reducida.,Útil como patrón de soporte.,alta,50.0,2.0,2.0,22.0,7.0,18.0,si
VM168,hb_g_dl,Hemoglobina,hematologia,sexo_especifico,f: 11.5–14.5 | m: 13.5–17.5,retencion_hidrosalina,Retencion Hidrosalina,Renal / volumen,low,0.15,context,baja,0.4,baja,baja,0.4,volumen,no,no,all,si,"hct_pct, albumin_g_dl, creatinine_mg_dl",BNP_proBNP,Anemia dilucional. Hb baja por exceso de volumen plasmático (embarazo,"ICC). No es anemia ""real"".",Patrón compatible con expansión de volumen. Evaluar signos de hipervolemia.,media,60.0,2.0,2.0,22.0,7.0,18.0,si
VM154,hb_g_dl,Hemoglobina,hematologia,sexo_especifico,f: 11.5–14.5 | m: 13.5–17.5,seguridad_renal,Seguridad renal,Renal / volumen,low,0.2,context,baja,0.4,baja,baja,0.4,volumen,no,no,all,si,"egfr_ml_min_1_73m2, uacr_mg_g, creatinine_mg_dl",,Anemia de trastorno crónico renal. El riñón no produce suficiente Eritropoyetina (EPO). Tratamiento: EPO o Hierro IV.,"Bloque de vigilancia renal, filtrado y daño renal subclínico.",Confirmar con eGFR < 45.,alta,35.0,2.0,2.0,20.0,7.0,18.0,si
VM056,hba1c_pct,HbA1c,metabolica,ambos,4.0–5.6,carga_pancreatica_glucidica,Carga Pancreatica Glucidica,Metabólico,high,0.5,support,alta,1.0,media,media,0.7,glucemia,no,no,all,si,"glucose_mg_dl, insulin_uIU_ml",,HbA1c 5.7-6.4% = Prediabetes. Refleja la carga glucémica de los últimos 3 meses. Intervención dietética urgente.,Sobrecarga de la regulación pancreática de la glucosa.,El diagnóstico es por HbA1c o glucosa.,alta,45.0,2.0,2.0,24.0,3.0,14.0,si
VM014,hba1c_pct,HbA1c,metabolica,ambos,4.0–5.6,disfuncion_glucidica,Disfuncion Glucidica,Metabólico,high,0.95,driver,alta,1.0,alta,alta,1.0,glucemia,si,no,all,si,"glucose_mg_dl, insulin_uIU_ml",,"Driver de Diabetes. HbA1c >= 6.5% = Diabetes Mellitus (confirmar con segunda determinación). HbA1c > 8.0% = Mal control, intensificar tto.",Pérdida de homeostasis glucémica.,Cuidado con falsos HbA1c en anemia o hemoglobinopatías.,alta,40.0,2.0,1.0,22.0,3.0,14.0,si
VM013,hba1c_pct,HbA1c,metabolica,ambos,4.0–5.6,disfuncion_glucidica,Disfuncion Glucidica,Metabólico,low,0.95,driver,alta,1.0,alta,alta,1.0,glucemia,si,no,all,si,"glucose_mg_dl, insulin_uIU_ml",,HbA1c baja (< 4.0%). Raro. Descartar hemólisis crónica o tratamiento excesivo con insulina/sulfonilureas (riesgo de hipoglucemias graves).,Pérdida de homeostasis glucémica; hipoglucemia crónica.,Poco fiable en anemia hemolítica.,alta,40.0,2.0,1.0,22.0,3.0,14.0,si
VM085,hba1c_pct,HbA1c,metabolica,ambos,4.0–5.6,estres_oxidativo,Estres Oxidativo,Inflamación / estrés biológico,high,0.15,context,baja,0.4,baja,baja,0.4,metabolico_oxidativo,no,no,all,si,"hscrp_mg_l, ggt_u_l, triglycerides_mg_dl",,La hiperglucemia crónica genera productos de glicación avanzada (AGEs) que causan estrés oxidativo y daño vascular.,Señal indirecta de estrés oxidativo.,Concepto de apoyo.,baja,65.0,2.0,2.0,20.0,3.0,14.0,si
VM002,hba1c_pct,HbA1c,metabolica,ambos,4.0–5.6,insulinorresistencia,Insulinorresistencia,Metabólico,high,0.85,driver,alta,1.0,alta,alta,1.0,glucemia,si,no,all,si,"glucose_mg_dl, insulin_uIU_ml, triglycerides_mg_dl",,HbA1c en rango alto-normal (5.3-5.6) con insulina elevada confirma resistencia a la insulina compensada. Riesgo de DM futuro.,Patrón de hiperinsulinemia compensatoria.,Exigir señal insulínica.,alta,45.0,3.0,2.0,28.0,3.0,14.0,si
VM029,hba1c_pct,HbA1c,metabolica,ambos,4.0–5.6,riesgo_cardiometabolico_global,Riesgo Cardiometabolico Global,Metabólico,high,0.35,support,media,0.7,media,media,0.7,glucometabolico,no,no,all,si,"apob_mg_dl, lpa_nmol_l, triglycerides_mg_dl",,La HbA1c es un predictor continuo de riesgo CV. No hay umbral seguro. Cuanto más baja (sin hipoglucemias),mejor.,"Integración de carga lipídica, glucídica, inflamatoria y adiposidad central. Patrón resumen.",alta,65.0,3.0,2.0,30.0,3.0,14.0,si
VM048,hba1c_pct,HbA1c,metabolica,ambos,4.0–5.6,sindrome_metabolico_patron,Sindrome Metabolico Patron,Metabólico,high,0.45,support,media,0.7,media,media,0.7,glucemia,no,no,all,si,"glucose_mg_dl, triglycerides_mg_dl, hdl_mg_dl",,Equivalente a glucosa en el Sd. Metabólico. HbA1c >= 5.7% es criterio.,"Agrupación operativa de adiposidad central, glucosa y lípidos.",Requiere 3 de 5 criterios.,alta,65.0,3.0,3.0,32.0,3.0,14.0,si
VM100,hct_pct,Hematocrito,hematologia,sexo_especifico,f: 35.0–45.0 | m: 38.0–50.0,deficit_hierro_eritropoyesis,Deficit Hierro Eritropoyesis,Hematínico / nutricional,low,0.4,support,media,0.7,media,media,0.7,hemograma,no,no,all,si,"transferrin_sat_pct, hb_g_dl, mcv_fl",,Reflejo de la anemia. Hto < 36% (M) o < 41% (H) con VCM bajo sugiere ferropenia.,Déficit de hierro funcional o absoluto.,Confirmar con ferritina.,alta,45.0,3.0,2.0,24.0,20.0,55.0,si
VM162,hct_pct,Hematocrito,hematologia,sexo_especifico,f: 35.0–45.0 | m: 38.0–50.0,deshidratacion_hemoconcentracion,Deshidratacion Hemoconcentracion,Renal / volumen,high,0.85,driver,alta,1.0,alta,alta,1.0,volumen,si,no,all,si,"urea_mg_dl, hb_g_dl, creatinine_mg_dl",,Driver de deshidratación. Hto > 50% (H) / > 47% (M) + Urea alta = Administrar líquidos. Si no hay deshidratación,descartar Policitemia Vera (JAK2).,Patrón compatible con hemoconcentración. Obligatorio descartar deshidratación.,media,40.0,2.0,2.0,22.0,20.0,55.0,si
VM119,hct_pct,Hematocrito,hematologia,sexo_especifico,f: 35.0–45.0 | m: 38.0–50.0,eje_b12_folato,Eje B12 Folato,Hematínico / nutricional,low,0.2,context,baja,0.4,baja,baja,0.4,hemograma,no,no,all,si,"vitb12_pg_ml, folate_ng_ml, mcv_fl",,Anemia macrocítica. El Hto estará bajo.,Déficit del eje vitamínico B12/folato.,Confirmar con VCM y vitaminas.,alta,45.0,2.0,2.0,22.0,20.0,55.0,si
VM169,hct_pct,Hematocrito,hematologia,sexo_especifico,f: 35.0–45.0 | m: 38.0–50.0,retencion_hidrosalina,Retencion Hidrosalina,Renal / volumen,low,0.3,support,baja,0.4,media,baja,0.4,volumen,no,no,all,si,"albumin_g_dl, hb_g_dl, creatinine_mg_dl",BNP_proBNP,Hemodilución. Hto bajo con albúmina baja y sin déficit de hierro. Pensar en exceso de volumen.,Patrón compatible con expansión de volumen.,Evaluar ingesta de líquidos o ICC.,media,60.0,2.0,2.0,22.0,20.0,55.0,si
VM023,hdl_mg_dl,HDL,lipidos,sexo_especifico,f: >=50.0 | m: >=40.0,dislipidemia_aterogenica,Dislipidemia Aterogenica,Metabólico,low,0.85,driver,alta,1.0,alta,alta,1.0,tg_hdl,si,si,all,si,"triglycerides_mg_dl, apob_mg_dl, lpa_nmol_l",,Driver de dislipidemia aterogénica. HDL bajo (<40 H / <50 M) + TG altos (>150) = Partículas LDL pequeñas y densas (Alto riesgo CV).,"Patrón de TG altos, HDL bajo y aumento de partículas aterogénicas.",Calcular siempre Colesterol No-HDL (CT - HDL).,alta,45.0,2.0,2.0,26.0,30.0,90.0,si
VM087,hdl_mg_dl,HDL,lipidos,sexo_especifico,f: >=50.0 | m: >=40.0,estres_oxidativo,Estres Oxidativo,Inflamación / estrés biológico,low,0.15,context,baja,0.4,baja,baja,0.4,consumo_negativos,no,si,all,si,"hscrp_mg_l, ggt_u_l, hba1c_pct",,El HDL es una partícula antiinflamatoria y antioxidante. Su descenso en contexto de PCR alta indica pérdida de función protectora.,Señal indirecta de estrés oxidativo.,Concepto de apoyo.,baja,65.0,2.0,2.0,20.0,30.0,90.0,si
VM067,hdl_mg_dl,HDL,lipidos,sexo_especifico,f: >=50.0 | m: >=40.0,inflamacion,Inflamacion,Inflamación / estrés biológico,low,0.2,context,baja,0.4,baja,baja,0.4,consumo_negativos,no,si,all,si,"hscrp_mg_l, esr_mm_h, fibrinogen_mg_dl",,La inflamación sistémica reduce el HDL y altera su función (HDL disfuncional).,Inflamación sistémica de baja o media intensidad.,El HDL bajo en inflamación no responde bien a cambios de dieta.,alta,40.0,2.0,2.0,25.0,30.0,90.0,si
VM005,hdl_mg_dl,HDL,lipidos,sexo_especifico,f: >=50.0 | m: >=40.0,insulinorresistencia,Insulinorresistencia,Metabólico,low,0.5,support,media,0.7,media,media,0.7,dislipidemia,no,si,all,si,"glucose_mg_dl, hba1c_pct, insulin_uIU_ml",,La resistencia a la insulina inhibe la lipoproteína lipasa y reduce el HDL. Es un marcador central del Sd. Metabólico.,Patrón de hiperinsulinemia compensatoria.,Exigir señal glucémica/insulínica.,alta,45.0,3.0,2.0,28.0,30.0,90.0,si
VM177,hdl_mg_dl,HDL,lipidos,sexo_especifico,f: >=50.0 | m: >=40.0,resistencia_leptinica_saciedad,Resistencia Leptinica Saciedad,Hormonal / saciedad,low,0.3,support,baja,0.4,media,baja,0.4,tg_hdl,no,si,all,si,"waist_cm, bmi_kg_m2, insulin_uIU_ml",,La obesidad central (cintura alta) es el principal determinante del HDL bajo.,Patrón antropométrico-metabólico.,Cintura debe acompañarse de señal metabólica.,alta,60.0,2.0,2.0,24.0,30.0,90.0,si
VM032,hdl_mg_dl,HDL,lipidos,sexo_especifico,f: >=50.0 | m: >=40.0,riesgo_cardiometabolico_global,Riesgo Cardiometabolico Global,Metabólico,low,0.35,support,media,0.7,media,media,0.7,tg_hdl,no,si,all,si,"apob_mg_dl, lpa_nmol_l, triglycerides_mg_dl",,HDL bajo + ApoB alta = Riesgo residual alto a pesar de estatinas.,"Integración de carga lipídica, glucídica, inflamatoria y adiposidad central.",Patrón resumen.,alta,65.0,3.0,2.0,30.0,30.0,90.0,si
VM051,hdl_mg_dl,HDL,lipidos,sexo_especifico,f: >=50.0 | m: >=40.0,sindrome_metabolico_patron,Sindrome Metabolico Patron,Metabólico,low,0.95,driver,alta,1.0,alta,alta,1.0,dislipidemia,si,si,all,si,"glucose_mg_dl, triglycerides_mg_dl, waist_cm",,Criterio mayor de Sd. Metabólico. HDL bajo según sexo.,"Agrupación operativa de adiposidad central, glucosa y lípidos.",Requiere 3 de 5 criterios.,alta,65.0,3.0,3.0,32.0,30.0,90.0,si
VM076,hscrp_mg_l,hsCRP / PCR,inflamacion,ambos,0.0–1.0,activacion_inmune,Activacion Inmune,Inflamación / estrés biológico,high,0.35,support,media,0.7,media,media,0.7,reactantes,no,no,all,si,"wbc_x10_3_mm3, neut_abs_x10_3_mm3, lymph_abs_x10_3_mm3",,PCR elevada (> 1.0 mg/dL) con leucocitosis o neutrofilia sugiere infección bacteriana aguda. Si es crónica (> 3.0),riesgo CV elevado.,Activación inmunitaria o patrón leucocitario reactivo. Diferenciar de PCR > 10 (infección) vs PCR 2-5 (inflamación crónica/riesgo CV).,media,55.0,2.0,2.0,24.0,0.5,10.0,si
VM088,hscrp_mg_l,hsCRP / PCR,inflamacion,ambos,0.0–1.0,estres_oxidativo,Estres Oxidativo,Inflamación / estrés biológico,high,0.3,support,baja,0.4,media,baja,0.4,reactantes,no,no,all,si,"ggt_u_l, hba1c_pct, triglycerides_mg_dl",,PCR elevada en contexto de síndrome metabólico refleja inflamación del tejido adiposo visceral (adipoquinas).,Señal indirecta de estrés oxidativo.,Concepto de apoyo.,baja,65.0,2.0,2.0,20.0,0.5,10.0,si
VM068,hscrp_mg_l,hsCRP / PCR,inflamacion,ambos,0.0–1.0,inflamacion,Inflamacion,Inflamación / estrés biológico,high,0.85,driver,alta,1.0,alta,alta,1.0,reactantes,si,no,all,si,"esr_mm_h, fibrinogen_mg_dl, wbc_x10_3_mm3",,Driver de inflamación sistémica. La PCR ultrasensible es el mejor predictor de riesgo CV en prevención primaria. <1.0 = Riesgo bajo,1.0-3.0 = Riesgo medio,>3.0 = Riesgo alto. Inflamación sistémica de baja o media intensidad. Confirmar con segunda determinación si es aislada.,alta,40.0,2.0,2.0,25.0,0.5,10.0,si
VM094,hscrp_mg_l,hsCRP / PCR,inflamacion,ambos,0.0–1.0,permeabilidad_intestinal_inflamacion_baja,Permeabilidad Intestinal Inflamacion Baja,Inflamación / estrés biológico,high,0.15,context,baja,0.4,baja,baja,0.4,reactantes,no,no,all,si,"lymph_abs_x10_3_mm3, ferritin_ng_ml, albumin_g_dl",,Inferencia muy indirecta. Ruido. Mantener desactivado.,Inferencia muy indirecta de inflamación de bajo grado.,Muy inespecífico.,baja,75.0,2.0,2.0,26.0,0.5,10.0,no
VM195,hscrp_mg_l,hsCRP / PCR,inflamacion,ambos,0.0–1.0,recambio_muscular_lesion,Recambio Muscular Lesion,Muscular / recambio,high,0.15,context,baja,0.4,baja,baja,0.4,lesion_contexto,no,no,all,si,"ast_u_l, alt_u_l, creatinine_mg_dl",CK_CPK,Daño muscular con inflamación. Sin CK es imposible asegurarlo.,Sospecha de recambio/lesión muscular.,Muy inespecífico sin CK.,baja,70.0,2.0,2.0,24.0,0.5,10.0,no
VM178,hscrp_mg_l,hsCRP / PCR,inflamacion,ambos,0.0–1.0,resistencia_leptinica_saciedad,Resistencia Leptinica Saciedad,Hormonal / saciedad,high,0.15,context,baja,0.4,baja,baja,0.4,contexto_riesgo,no,no,all,si,"waist_cm, bmi_kg_m2, insulin_uIU_ml",,La obesidad es un estado inflamatorio crónico de bajo grado. PCR elevada en obeso es la regla,no la excepción.,Patrón antropométrico-metabólico. Cintura debe acompañarse de señal metabólica.,alta,60.0,2.0,2.0,24.0,0.5,10.0,si
VM033,hscrp_mg_l,hsCRP / PCR,inflamacion,ambos,0.0–1.0,riesgo_cardiometabolico_global,Riesgo Cardiometabolico Global,Metabólico,high,0.35,support,media,0.7,media,media,0.7,contexto_riesgo,no,no,all,si,"apob_mg_dl, lpa_nmol_l, triglycerides_mg_dl",,La PCR > 2.0 mg/L en paciente con ApoB alta multiplica el riesgo cardiovascular. Objetivo: bajar ambos.,"Integración de carga lipídica, glucídica, inflamatoria y adiposidad central.",Patrón resumen.,alta,65.0,3.0,2.0,30.0,0.5,10.0,si
VM052,hscrp_mg_l,hsCRP / PCR,inflamacion,ambos,0.0–1.0,sindrome_metabolico_patron,Sindrome Metabolico Patron,Metabólico,high,0.15,context,baja,0.4,baja,baja,0.4,contexto,no,no,all,si,"glucose_mg_dl, triglycerides_mg_dl, hdl_mg_dl",,La inflamación no es criterio diagnóstico pero es la base fisiopatológica del Sd. Metabólico.,"Agrupación operativa de adiposidad central, glucosa y lípidos.",Refuerza el diagnóstico.,alta,65.0,3.0,3.0,32.0,0.5,10.0,si
VM141,insulin_uIU_ml,Insulina,metabolica,ambos,2.0–12.0,carga_hepatica,Carga Hepatica,Hepático,high,0.2,context,baja,0.4,baja,baja,0.4,metabolico,no,si,all,si,"alt_u_l, albumin_g_dl, ast_u_l",,La insulina alta promueve la síntesis hepática de grasa (lipogénesis de novo),causando HGNA y elevación de ALT.,Estrés hepatocelular o carga metabólica hepática. Confirmar con ALT elevada y ecografía.,alta,45.0,2.0,2.0,24.0,1.0,100.0,si
VM040,insulin_uIU_ml,Insulina,metabolica,ambos,2.0–12.0,carga_hiperuricemica,Carga Hiperuricemica,Metabólico,high,0.2,context,baja,0.4,baja,baja,0.4,metabolico,no,si,all,si,"uric_acid_mg_dl, egfr_ml_min_1_73m2, triglycerides_mg_dl",,La insulina alta reduce la excreción renal de ácido úrico. Causa frecuente de hiperuricemia asintomática en obesos.,Tendencia a hiperuricemia en contexto metabólico.,Confirmar con AU elevado y eGFR normal-alto.,alta,45.0,2.0,2.0,24.0,1.0,100.0,si
VM058,insulin_uIU_ml,Insulina,metabolica,ambos,2.0–12.0,carga_pancreatica_glucidica,Carga Pancreatica Glucidica,Metabólico,high,0.8,driver,alta,1.0,alta,alta,1.0,insulina,si,si,all,si,"glucose_mg_dl, hba1c_pct, triglycerides_mg_dl",,"Driver de Resistencia Insulínica. Insulina en ayunas > 10-12 mU/L con glucosa normal indica que el páncreas está ""gritando"" para mantener la glucemia. Fase precoz de DM2.",Sobrecarga de la regulación pancreática.,Calcular HOMA-IR (Glucosa x Insulina / 405). > 2.5 = Resistencia.,alta,45.0,2.0,2.0,24.0,1.0,100.0,si
VM057,insulin_uIU_ml,Insulina,metabolica,ambos,2.0–12.0,carga_pancreatica_glucidica,Carga Pancreatica Glucidica,Metabólico,low,0.8,driver,alta,1.0,alta,alta,1.0,insulina,si,si,all,si,"glucose_mg_dl, hba1c_pct, triglycerides_mg_dl",,Insulina baja en ayunas con glucosa normal: Páncreas en reposo,buena sensibilidad. Con glucosa alta: Fase avanzada de DM2 (fallo de célula beta).,Sobrecarga de la regulación pancreática. En DM tipo 1 insulina muy baja o indetectable.,alta,45.0,2.0,2.0,24.0,1.0,100.0,si
VM016,insulin_uIU_ml,Insulina,metabolica,ambos,2.0–12.0,disfuncion_glucidica,Disfuncion Glucidica,Metabólico,high,0.45,support,media,0.7,media,media,0.7,insulina,no,si,all,si,"glucose_mg_dl, hba1c_pct",,Hiperglucemia con hiperinsulinemia = Resistencia. Hiperglucemia con insulina baja = Déficit secretor.,Pérdida de homeostasis glucémica.,Modula el tipo de disglucemia.,alta,40.0,2.0,1.0,22.0,1.0,100.0,si
VM015,insulin_uIU_ml,Insulina,metabolica,ambos,2.0–12.0,disfuncion_glucidica,Disfuncion Glucidica,Metabólico,low,0.45,support,media,0.7,media,media,0.7,insulina,no,si,all,si,"glucose_mg_dl, hba1c_pct",,Hipoglucemia con insulina alta = Insulinoma o Sulfonilureas. Hipoglucemia con insulina baja = Déficit hepático o adrenal.,Pérdida de homeostasis glucémica.,Clave para dx diferencial de hipoglucemia.,alta,40.0,2.0,1.0,22.0,1.0,100.0,si
VM020,insulin_uIU_ml,Insulina,metabolica,ambos,2.0–12.0,dislipidemia_aterogenica,Dislipidemia Aterogenica,Metabólico,high,0.2,context,baja,0.4,baja,baja,0.4,glucometabolico,no,si,all,si,"triglycerides_mg_dl, apob_mg_dl, hdl_mg_dl",,La insulina alta inhibe la lipólisis y promueve la síntesis de TG hepáticos. Asociación causal con TG altos.,"Patrón de TG altos, HDL bajo.",Exigir señal lipídica alterada.,alta,45.0,2.0,2.0,26.0,1.0,100.0,si
VM003,insulin_uIU_ml,Insulina,metabolica,ambos,2.0–12.0,insulinorresistencia,Insulinorresistencia,Metabólico,high,0.95,driver,alta,1.0,alta,alta,1.0,insulina,si,si,all,si,"glucose_mg_dl, hba1c_pct, triglycerides_mg_dl",,Driver de Resistencia a la Insulina. Insulina > 10-12 en ayunas con glucosa normal es el marcador más precoz y fiable de riesgo cardiometabólico.,Patrón de hiperinsulinemia compensatoria.,Calcular HOMA-IR.,alta,45.0,3.0,2.0,28.0,1.0,100.0,si
VM175,insulin_uIU_ml,Insulina,metabolica,ambos,2.0–12.0,resistencia_leptinica_saciedad,Resistencia Leptinica Saciedad,Hormonal / saciedad,high,0.35,support,media,0.7,media,media,0.7,glucometabolico,no,si,all,si,"waist_cm, bmi_kg_m2, triglycerides_mg_dl",,La hiperinsulinemia central bloquea la señal de saciedad de la leptina. El paciente come más.,Patrón antropométrico-metabólico.,Cintura e insulina deben ir juntas.,alta,60.0,2.0,2.0,24.0,1.0,100.0,si
VM049,insulin_uIU_ml,Insulina,metabolica,ambos,2.0–12.0,sindrome_metabolico_patron,Sindrome Metabolico Patron,Metabólico,high,0.45,support,media,0.7,media,media,0.7,insulina,no,si,all,si,"glucose_mg_dl, triglycerides_mg_dl, hdl_mg_dl",,La insulina alta es el nexo fisiopatológico del Sd. Metabólico aunque no sea criterio diagnóstico formal.,"Agrupación operativa de adiposidad central, glucosa y lípidos.",Refuerza el diagnóstico.,alta,65.0,3.0,3.0,32.0,1.0,100.0,si
VM105,iron_ug_dl,Hierro,hierro,ambos,75.0–150.0,deficit_hierro_eritropoyesis,Deficit Hierro Eritropoyesis,Hematínico / nutricional,low,0.4,support,media,0.7,media,media,0.7,hierro,no,no,all,si,"transferrin_sat_pct, hb_g_dl, mcv_fl",,Hierro sérico bajo + Ferritina baja = Ferropenia absoluta. Hierro sérico bajo + Ferritina normal/alta = Trastorno inflamatorio (Anemia de trastorno crónico).,Déficit de hierro funcional o absoluto.,Interpretar siempre junto a Ferritina y Transferrina.,alta,45.0,3.0,2.0,24.0,20.0,300.0,si
VM111,iron_ug_dl,Hierro,hierro,ambos,75.0–150.0,sobrecarga_ferrica,Sobrecarga Ferrica,Hematínico / nutricional,high,0.5,support,alta,1.0,media,media,0.7,hierro,no,no,all,si,"transferrin_sat_pct, ferritin_ng_ml, transferrin_mg_dl",,Hierro sérico alto + Saturación > 45% = Sobrecarga. Puede ser Hemocromatosis o secundaria a transfusiones/hepatopatía.,Exceso de hierro o señal de ferritina alta con saturación aumentada.,Confirmar con saturación y ferritina.,alta,50.0,2.0,2.0,24.0,20.0,300.0,si
VM182,ldl_mg_dl,LDL,lipidos,ambos,0.0–99.0,disfuncion_tiroidea_periferica,Disfuncion Tiroidea Periferica,Hormonal / saciedad,high,0.35,support,media,0.7,media,media,0.7,repercusion_lipidica,no,si,all,si,"tsh_mIU_l, ft4_ng_dl",,Hipotiroidismo subclínico eleva LDL por menor expresión de receptores hepáticos de LDL. Tratar tiroides baja el LDL.,Disfunción tiroidea operativa con reflejo lipídico.,TSH/FT4 deben liderar.,alta,45.0,2.0,1.0,22.0,30.0,500.0,si
VM022,ldl_mg_dl,LDL,lipidos,ambos,0.0–99.0,dislipidemia_aterogenica,Dislipidemia Aterogenica,Metabólico,high,0.5,support,alta,1.0,media,media,0.7,carga_aterogenica,no,si,all,si,"triglycerides_mg_dl, apob_mg_dl, hdl_mg_dl",,LDL alto. Es el objetivo terapéutico clásico. Pero si TG > 400,el LDL calculado no es fiable. Pedir LDL directo o ApoB.,"Patrón de TG altos, HDL bajo y aumento de partículas aterogénicas. Priorizar ApoB si discordancia.",alta,45.0,2.0,2.0,26.0,30.0,500.0,si
VM031,ldl_mg_dl,LDL,lipidos,ambos,0.0–99.0,riesgo_cardiometabolico_global,Riesgo Cardiometabolico Global,Metabólico,high,0.45,support,media,0.7,media,media,0.7,carga_aterogenica,no,si,all,si,"apob_mg_dl, lpa_nmol_l, triglycerides_mg_dl",,LDL como parte del puzzle de riesgo. ApoB es más preciso.,"Integración de carga lipídica, glucídica, inflamatoria y adiposidad central.",Patrón resumen.,alta,65.0,3.0,2.0,30.0,30.0,500.0,si
VM027,lpa_nmol_l,Lipoproteína(a) [Lp(a)],lipidos_cv,ambos,0.0–124.0,dislipidemia_aterogenica,Dislipidemia Aterogenica,Metabólico,high,0.85,driver,alta,1.0,alta,alta,1.0,carga_aterogenica,si,no,all,si,"triglycerides_mg_dl, apob_mg_dl, hdl_mg_dl",,Driver de riesgo genético independiente. Lp(a) > 125 nmol/L (aprox 50 mg/dL) duplica el riesgo de infarto y estenosis aórtica. No responde a dieta ni estatinas clásicas. Considerar iPCSK9.,"Patrón de TG altos, HDL bajo y aumento de partículas aterogénicas.",Medir al menos una vez en la vida.,alta,45.0,2.0,2.0,26.0,10.0,400.0,si
VM039,lpa_nmol_l,Lipoproteína(a) [Lp(a)],lipidos_cv,ambos,0.0–124.0,riesgo_cardiometabolico_global,Riesgo Cardiometabolico Global,Metabólico,high,0.8,driver,alta,1.0,alta,alta,1.0,carga_aterogenica,si,no,all,si,"apob_mg_dl, triglycerides_mg_dl, ldl_mg_dl",,Convergencia de riesgo. Lp(a) alta + ApoB alta = Riesgo equiparable a Hipercolesterolemia Familiar. Tratamiento intensivo precoz.,"Integración de carga lipídica, glucídica, inflamatoria y adiposidad central.",Patrón resumen de muy alto riesgo.,alta,65.0,3.0,2.0,30.0,10.0,400.0,si
VM082,lymph_abs_x10_3_mm3,Linfocitos abs,hematologia,ambos,1.0–4.8,activacion_inmune,Activacion Inmune,Inflamación / estrés biológico,high,0.3,support,media,0.7,media,media,0.7,celular,no,no,all,si,"wbc_x10_3_mm3, neut_abs_x10_3_mm3, hscrp_mg_l",,Linfocitosis relativa. Puede ser reactiva a infección viral (VEB,CMV) o tos ferina. Descartar Sd. Linfoproliferativo crónico si es > 5000 y persistente.,Activación inmunitaria o patrón leucocitario reactivo. Correlacionar con clínica viral.,media,55.0,2.0,2.0,24.0,0.5,10.0,si
VM081,lymph_abs_x10_3_mm3,Linfocitos abs,hematologia,ambos,1.0–4.8,activacion_inmune,Activacion Inmune,Inflamación / estrés biológico,low,0.3,support,media,0.7,media,media,0.7,celular,no,no,all,si,"wbc_x10_3_mm3, neut_abs_x10_3_mm3, hscrp_mg_l",,Linfopenia < 1000. Causas: Infección viral aguda (COVID,VIH),corticoides estrés severo inmunodeficiencia. Activación inmunitaria o patrón leucocitario reactivo. Descartar VIH si es persistente e inexplicada.,media,55.0,2.0,2.0,24.0,0.5,10.0,si
VM134,lymph_abs_x10_3_mm3,Linfocitos abs,hematologia,ambos,1.0–4.8,deficit_proteico_catabolismo,Deficit Proteico Catabolismo,Hematínico / nutricional,low,0.2,context,baja,0.4,baja,baja,0.4,nutricional,no,no,all,si,"albumin_g_dl, creatinine_mg_dl, bmi_kg_m2",,Linfopenia < 1500 por desnutrición proteico-calórica. Marcador de mal pronóstico en ancianos frágiles.,Sospecha de baja disponibilidad proteica.,Confirmar con albúmina baja e IMC bajo.,alta,50.0,2.0,2.0,22.0,0.5,10.0,si
VM096,lymph_abs_x10_3_mm3,Linfocitos abs,hematologia,ambos,1.0–4.8,permeabilidad_intestinal_inflamacion_baja,Permeabilidad Intestinal Inflamacion Baja,Inflamación / estrés biológico,high,0.15,context,baja,0.4,baja,baja,0.4,celular,no,no,all,si,"hscrp_mg_l, ferritin_ng_ml, albumin_g_dl",,Inferencia muy indirecta. Ruido. Mantener desactivado.,Inferencia muy indirecta de inflamación de bajo grado.,Muy inespecífico.,baja,75.0,2.0,2.0,26.0,0.5,10.0,no
VM095,lymph_abs_x10_3_mm3,Linfocitos abs,hematologia,ambos,1.0–4.8,permeabilidad_intestinal_inflamacion_baja,Permeabilidad Intestinal Inflamacion Baja,Inflamación / estrés biológico,low,0.15,context,baja,0.4,baja,baja,0.4,celular,no,no,all,si,"hscrp_mg_l, ferritin_ng_ml, albumin_g_dl",,Inferencia muy indirecta. Ruido. Mantener desactivado.,Inferencia muy indirecta de inflamación de bajo grado.,Muy inespecífico.,baja,75.0,2.0,2.0,26.0,0.5,10.0,no
VM125,mcv_fl,VCM (MCV),hematologia,ambos,80.0–100.0,alteracion_metabolismo_folato_b12_homocisteina,Alteracion Metabolismo Folato B12 Homocisteina,Hematínico / nutricional,high,0.45,support,media,0.7,media,media,0.7,hemograma,no,no,all,si,"vitb12_pg_ml, folate_ng_ml, rdw_pct",,VCM > 100 fL. Déficit B12 o Folato. También en hipotiroidismo,hepatopatía crónica o Sd. Mielodisplásico. Pedir niveles vitamínicos.,Versión ampliada del eje B12/folato. Confirmar con B12 y folato.,alta,55.0,2.0,2.0,24.0,60.0,120.0,si
VM102,mcv_fl,VCM (MCV),hematologia,ambos,80.0–100.0,deficit_hierro_eritropoyesis,Deficit Hierro Eritropoyesis,Hematínico / nutricional,low,0.85,driver,alta,1.0,alta,alta,1.0,hemograma,si,no,all,si,"transferrin_sat_pct, hb_g_dl, rdw_pct",,Driver de microcitosis. VCM < 80 fL. Principal causa: Ferropenia. Otras: Talasemia Minor (RDW normal,VCM muy bajo para la anemia).,Déficit de hierro funcional o absoluto. Pedir Ferritina y Saturación.,alta,45.0,3.0,2.0,24.0,60.0,120.0,si
VM121,mcv_fl,VCM (MCV),hematologia,ambos,80.0–100.0,eje_b12_folato,Eje B12 Folato,Hematínico / nutricional,high,0.5,support,media,0.7,media,media,0.7,hemograma,no,no,all,si,"vitb12_pg_ml, folate_ng_ml, hb_g_dl",,Macrocitosis (VCM > 100) en contexto de déficit vitamínico.,Déficit del eje vitamínico B12/folato.,Confirmar con niveles.,alta,45.0,2.0,2.0,22.0,60.0,120.0,si
VM080,neut_abs_x10_3_mm3,Neutrófilos abs,hematologia,ambos,1.8–7.5,activacion_inmune,Activacion Inmune,Inflamación / estrés biológico,high,0.45,support,media,0.7,alta,media,0.7,celular,no,no,all,si,"wbc_x10_3_mm3, hscrp_mg_l, lymph_abs_x10_3_mm3",,Neutrofilia (> 7500). Reactante de fase aguda clásico. Infección bacteriana,inflamación aguda,corticoides. Descartar Sd. Mieloproliferativo si es > 15000 sin foco. Activación inmunitaria o patrón leucocitario reactivo. Correlacionar con PCR.,media,55.0,2.0,2.0,24.0,0.5,20.0,si
VM072,neut_abs_x10_3_mm3,Neutrófilos abs,hematologia,ambos,1.8–7.5,inflamacion,Inflamacion,Inflamación / estrés biológico,high,0.35,support,baja,0.4,media,baja,0.4,celular,no,no,all,si,"hscrp_mg_l, esr_mm_h, fibrinogen_mg_dl",,Neutrofilia leve en inflamación crónica de bajo grado (obesidad,tabaquismo,artritis). Inflamación sistémica de baja o media intensidad. Refuerza inflamación.,alta,40.0,2.0,2.0,25.0,0.5,20.0,si
VM084,platelets_x10_3_uL,Plaquetas,hematologia,ambos,150.0–400.0,activacion_inmune,Activacion Inmune,Inflamación / estrés biológico,high,0.2,context,baja,0.4,baja,baja,0.4,celular,no,no,all,si,"wbc_x10_3_mm3, neut_abs_x10_3_mm3, hscrp_mg_l",,Trombocitosis reactiva (> 450K). Secundaria a inflamación,ferropenia o hemorragia aguda. No suele requerir antiagregantes si es reactiva.,Activación inmunitaria o patrón leucocitario reactivo. Descartar ferropenia.,media,55.0,2.0,2.0,24.0,20.0,1000.0,si
VM109,platelets_x10_3_uL,Plaquetas,hematologia,ambos,150.0–400.0,deficit_hierro_eritropoyesis,Deficit Hierro Eritropoyesis,Hematínico / nutricional,high,0.2,context,baja,0.4,baja,baja,0.4,hemograma,no,no,all,si,"transferrin_sat_pct, hb_g_dl, mcv_fl",,"Trombocitosis reactiva a ferropenia. Las plaquetas suben para ""ayudar"". Se normaliza con tratamiento con hierro.",Déficit de hierro funcional o absoluto.,No confundir con Trombocitemia Esencial.,alta,45.0,3.0,2.0,24.0,20.0,1000.0,si
VM074,platelets_x10_3_uL,Plaquetas,hematologia,ambos,150.0–400.0,inflamacion,Inflamacion,Inflamación / estrés biológico,high,0.2,context,baja,0.4,baja,baja,0.4,celular,no,no,all,si,"hscrp_mg_l, esr_mm_h, fibrinogen_mg_dl",,Trombocitosis reactiva inflamatoria. La IL-6 estimula la trombopoyesis.,Inflamación sistémica de baja o media intensidad.,Refuerza inflamación.,alta,40.0,2.0,2.0,25.0,20.0,1000.0,si
VM101,rbc_x10_6_mm3,Hematíes,hematologia,sexo_especifico,f: 4.5–6.1 | m: 4.5–6.1,deficit_hierro_eritropoyesis,Deficit Hierro Eritropoyesis,Hematínico / nutricional,low,0.35,support,baja,0.4,media,baja,0.4,hemograma,no,no,all,si,"transferrin_sat_pct, hb_g_dl, mcv_fl",,Recuento bajo de hematíes en anemia ferropénica. Poco específico. Mirar Hb y VCM.,Déficit de hierro funcional o absoluto.,Confirmar con Hb y VCM.,alta,45.0,3.0,2.0,24.0,2.0,7.0,si
VM163,rbc_x10_6_mm3,Hematíes,hematologia,sexo_especifico,f: 4.5–6.1 | m: 4.5–6.1,deshidratacion_hemoconcentracion,Deshidratacion Hemoconcentracion,Renal / volumen,high,0.2,context,baja,0.4,baja,baja,0.4,volumen,no,no,all,si,"hct_pct, urea_mg_dl, hb_g_dl",,Hemoconcentración. Hematíes falsamente elevados.,Patrón compatible con hemoconcentración.,Confirmar con Hto y urea.,media,40.0,2.0,2.0,22.0,2.0,7.0,si
VM120,rbc_x10_6_mm3,Hematíes,hematologia,sexo_especifico,f: 4.5–6.1 | m: 4.5–6.1,eje_b12_folato,Eje B12 Folato,Hematínico / nutricional,low,0.2,context,baja,0.4,baja,baja,0.4,hemograma,no,no,all,si,"vitb12_pg_ml, folate_ng_ml, mcv_fl",,Recuento bajo de hematíes en anemia macrocítica.,Déficit del eje vitamínico B12/folato.,Confirmar con Hb y VCM.,alta,45.0,2.0,2.0,22.0,2.0,7.0,si
VM126,rdw_pct,RDW,hematologia,ambos,12.0–15.0,alteracion_metabolismo_folato_b12_homocisteina,Alteracion Metabolismo Folato B12 Homocisteina,Hematínico / nutricional,high,0.35,support,media,0.7,media,media,0.7,hemograma,no,no,all,si,"vitb12_pg_ml, folate_ng_ml, mcv_fl",,RDW alto (> 15%) indica anisocitosis (hematíes de distintos tamaños). Sugiere déficit mixto (hierro + B12/folato) o fase precoz de déficit.,Versión ampliada del eje B12/folato.,RDW alto + VCM normal = déficit precoz.,alta,55.0,2.0,2.0,24.0,10.0,20.0,si
VM103,rdw_pct,RDW,hematologia,ambos,12.0–15.0,deficit_hierro_eritropoyesis,Deficit Hierro Eritropoyesis,Hematínico / nutricional,high,0.85,driver,alta,1.0,alta,alta,1.0,hemograma,si,no,all,si,"transferrin_sat_pct, hb_g_dl, mcv_fl",,Driver de ferropenia. RDW es el primer parámetro que se altera en la anemia ferropénica (sube antes de que baje la Hb o el VCM). Muy útil.,Déficit de hierro funcional o absoluto.,RDW alto + Ferritina baja = Ferropenia.,alta,45.0,3.0,2.0,24.0,10.0,20.0,si
VM122,rdw_pct,RDW,hematologia,ambos,12.0–15.0,eje_b12_folato,Eje B12 Folato,Hematínico / nutricional,high,0.35,support,baja,0.4,media,baja,0.4,hemograma,no,no,all,si,"vitb12_pg_ml, folate_ng_ml, mcv_fl",,RDW alto en déficit de B12/folato (menos marcado que en ferropenia).,Déficit del eje vitamínico B12/folato.,Refuerza diagnóstico.,alta,45.0,2.0,2.0,22.0,10.0,20.0,si
VM108,tibc_ug_dl,TIBC,hierro,ambos,250.0–450.0,deficit_hierro_eritropoyesis,Deficit Hierro Eritropoyesis,Hematínico / nutricional,high,0.85,driver,alta,1.0,alta,alta,1.0,hierro,si,no,all,si,"transferrin_sat_pct, hb_g_dl, mcv_fl",,"Driver de ferropenia. TIBC (Capacidad Total de Fijación de Hierro) alta significa que el cuerpo ""busca"" hierro desesperadamente. Confirma ferropenia.",Déficit de hierro funcional o absoluto.,TIBC > 400 + Ferritina baja = Ferropenia absoluta.,alta,45.0,3.0,2.0,24.0,250.0,500.0,si
VM114,tibc_ug_dl,TIBC,hierro,ambos,250.0–450.0,sobrecarga_ferrica,Sobrecarga Ferrica,Hematínico / nutricional,low,0.5,support,media,0.7,media,media,0.7,hierro,no,no,all,si,"transferrin_sat_pct, ferritin_ng_ml, iron_ug_dl",,TIBC baja (o normal-baja) con saturación alta indica sobrecarga de hierro (Hemocromatosis). La transferrina está saturada.,Exceso de hierro o señal de ferritina alta.,Confirmar con saturación > 45%.,alta,50.0,2.0,2.0,24.0,250.0,500.0,si
VM106,transferrin_mg_dl,Transferrina,hierro,ambos,215.0–365.0,deficit_hierro_eritropoyesis,Deficit Hierro Eritropoyesis,Hematínico / nutricional,high,0.5,support,media,0.7,media,media,0.7,hierro,no,no,all,si,"transferrin_sat_pct, hb_g_dl, mcv_fl",,Transferrina alta (equivalente a TIBC alta). El hígado sintetiza más transferrina para captar el poco hierro disponible.,Déficit de hierro funcional o absoluto.,Confirma ferropenia.,alta,45.0,3.0,2.0,24.0,150.0,450.0,si
VM112,transferrin_mg_dl,Transferrina,hierro,ambos,215.0–365.0,sobrecarga_ferrica,Sobrecarga Ferrica,Hematínico / nutricional,low,0.5,support,media,0.7,media,media,0.7,hierro,no,no,all,si,"transferrin_sat_pct, ferritin_ng_ml, iron_ug_dl",,Transferrina baja. Reactante negativo de fase aguda (baja en inflamación) o sobrecarga de hierro.,Exceso de hierro o inflamación.,Diferenciar con PCR y Saturación.,alta,50.0,2.0,2.0,24.0,150.0,450.0,si
VM107,transferrin_sat_pct,Sat. transferrina,hierro,ambos,20.0–50.0,deficit_hierro_eritropoyesis,Deficit Hierro Eritropoyesis,Hematínico / nutricional,low,1.0,driver,alta,1.0,alta,alta,1.0,hierro,si,no,all,si,"hb_g_dl, mcv_fl, rdw_pct",,Driver de ferropenia. Saturación < 20% confirma déficit de hierro disponible para la eritropoyesis. Es el marcador funcional más importante.,Déficit de hierro funcional o absoluto.,Saturación < 20% + Ferritina < 30 = Ferropenia absoluta. Ferritina > 100 = Trastorno inflamatorio.,alta,45.0,3.0,2.0,24.0,10.0,90.0,si
VM113,transferrin_sat_pct,Sat. transferrina,hierro,ambos,20.0–50.0,sobrecarga_ferrica,Sobrecarga Ferrica,Hematínico / nutricional,high,1.0,driver,alta,1.0,alta,alta,1.0,hierro,si,no,all,si,"ferritin_ng_ml, iron_ug_dl, transferrin_mg_dl",,Driver de sobrecarga. Saturación > 45% (H) o > 50% (M) indica que la transferrina está saturada y hay hierro libre tóxico (NTBI). Riesgo de daño orgánico.,Exceso de hierro o señal de ferritina alta.,Indicación de estudio genético de Hemocromatosis si ferritina también alta.,alta,50.0,2.0,2.0,24.0,10.0,90.0,si
VM142,triglycerides_mg_dl,Triglicéridos,lipidos,ambos,0.0–149.0,carga_hepatica,Carga Hepatica,Hepático,high,0.2,context,baja,0.4,baja,baja,0.4,metabolico,no,si,all,si,"alt_u_l, albumin_g_dl, ast_u_l",,TG altos en HGNA. La esteatosis hepática es un marcador de resistencia insulínica visceral.,Estrés hepatocelular o carga metabólica hepática.,Confirmar con ALT y ecografía.,alta,45.0,2.0,2.0,24.0,35.0,1000.0,si
VM041,triglycerides_mg_dl,Triglicéridos,lipidos,ambos,0.0–149.0,carga_hiperuricemica,Carga Hiperuricemica,Metabólico,high,0.2,context,baja,0.4,baja,baja,0.4,metabolico,no,si,all,si,"uric_acid_mg_dl, egfr_ml_min_1_73m2, insulin_uIU_ml",,TG y AU altos juntos son el fenotipo clásico de la resistencia a la insulina a nivel renal y hepático.,Tendencia a hiperuricemia en contexto metabólico.,Confirmar con insulina alta.,alta,45.0,2.0,2.0,24.0,35.0,1000.0,si
VM059,triglycerides_mg_dl,Triglicéridos,lipidos,ambos,0.0–149.0,carga_pancreatica_glucidica,Carga Pancreatica Glucidica,Metabólico,high,0.4,support,media,0.7,media,media,0.7,dislipidemia,no,si,all,si,"glucose_mg_dl, insulin_uIU_ml, hba1c_pct",,TG elevados por exceso de carbohidratos en la dieta y resistencia insulínica. El hígado convierte la glucosa sobrante en TG.,Sobrecarga de la regulación pancreática de la glucosa.,Dieta baja en fructosa y carbohidratos refinados es el tratamiento.,alta,45.0,2.0,2.0,24.0,35.0,1000.0,si
VM017,triglycerides_mg_dl,Triglicéridos,lipidos,ambos,0.0–149.0,disfuncion_glucidica,Disfuncion Glucidica,Metabólico,high,0.2,context,baja,0.4,baja,baja,0.4,dislipidemia,no,si,all,si,"glucose_mg_dl, hba1c_pct",,La disglucemia (especialmente la hiperglucemia postprandial) eleva los TG.,Pérdida de homeostasis glucémica.,Confirmar con glucemia alterada.,alta,40.0,2.0,1.0,22.0,35.0,1000.0,si
VM181,triglycerides_mg_dl,Triglicéridos,lipidos,ambos,0.0–149.0,disfuncion_tiroidea_periferica,Disfuncion Tiroidea Periferica,Hormonal / saciedad,high,0.2,context,baja,0.4,baja,baja,0.4,repercusion_lipidica,no,si,all,si,"tsh_mIU_l, ft4_ng_dl",,El hipotiroidismo eleva TG por menor actividad de la lipoproteína lipasa.,Disfunción tiroidea operativa con reflejo metabólico.,TSH/FT4 deben liderar.,alta,45.0,2.0,1.0,22.0,35.0,1000.0,si
VM021,triglycerides_mg_dl,Triglicéridos,lipidos,ambos,0.0–149.0,dislipidemia_aterogenica,Dislipidemia Aterogenica,Metabólico,high,1.0,driver,alta,1.0,alta,alta,1.0,tg_hdl,si,si,all,si,"apob_mg_dl, hdl_mg_dl, lpa_nmol_l",,Driver de dislipidemia aterogénica. TG > 150 + HDL bajo es el fenotipo de partículas LDL pequeñas y densas (Patrón B). Alto riesgo CV.,"Patrón de TG altos, HDL bajo y aumento de partículas aterogénicas.",Objetivo TG < 150 (ideal < 100).,alta,45.0,2.0,2.0,26.0,35.0,1000.0,si
VM061,triglycerides_mg_dl,Triglicéridos,lipidos,ambos,0.0–149.0,estado_purinico,Estado Purinico,Metabólico,high,0.15,context,baja,0.4,baja,baja,0.4,metabolico,no,si,all,si,"uric_acid_mg_dl, egfr_ml_min_1_73m2",,Contexto purínico y lipídico. Dieta rica en fructosa,alcohol y proteínas animales.,Lectura operativa del eje purinas/ácido úrico. Describe tono úrico/purínico.,alta,55.0,1.0,1.0,18.0,35.0,1000.0,si
VM086,triglycerides_mg_dl,Triglicéridos,lipidos,ambos,0.0–149.0,estres_oxidativo,Estres Oxidativo,Inflamación / estrés biológico,high,0.15,context,baja,0.4,baja,baja,0.4,metabolico_oxidativo,no,si,all,si,"hscrp_mg_l, ggt_u_l, hba1c_pct",,TG altos y PCR alta = lipotoxicidad e inflamación.,Señal indirecta de estrés oxidativo.,Concepto de apoyo.,baja,65.0,2.0,2.0,20.0,35.0,1000.0,si
VM004,triglycerides_mg_dl,Triglicéridos,lipidos,ambos,0.0–149.0,insulinorresistencia,Insulinorresistencia,Metabólico,high,0.85,driver,alta,1.0,alta,alta,1.0,dislipidemia,si,si,all,si,"glucose_mg_dl, hba1c_pct, insulin_uIU_ml",,Driver de resistencia insulínica. TG elevados en ayunas es el marcador lipídico más precoz y fiable de resistencia a la insulina en hígado y tejido adiposo.,Patrón de hiperinsulinemia compensatoria.,Exigir señal glucémica/insulínica.,alta,45.0,3.0,2.0,28.0,35.0,1000.0,si
VM176,triglycerides_mg_dl,Triglicéridos,lipidos,ambos,0.0–149.0,resistencia_leptinica_saciedad,Resistencia Leptinica Saciedad,Hormonal / saciedad,high,0.35,support,media,0.7,media,media,0.7,tg_hdl,no,si,all,si,"waist_cm, bmi_kg_m2, insulin_uIU_ml",,Obesidad central y TG altos son la manifestación de la resistencia a la leptina.,Patrón antropométrico-metabólico.,Cintura debe acompañarse de señal metabólica.,alta,60.0,2.0,2.0,24.0,35.0,1000.0,si
VM030,triglycerides_mg_dl,Triglicéridos,lipidos,ambos,0.0–149.0,riesgo_cardiometabolico_global,Riesgo Cardiometabolico Global,Metabólico,high,0.45,support,media,0.7,media,media,0.7,tg_hdl,no,si,all,si,"apob_mg_dl, lpa_nmol_l, ldl_mg_dl",,TG como parte del puzzle de riesgo.,"Integración de carga lipídica, glucídica, inflamatoria y adiposidad central.",Patrón resumen.,alta,65.0,3.0,2.0,30.0,35.0,1000.0,si
VM050,triglycerides_mg_dl,Triglicéridos,lipidos,ambos,0.0–149.0,sindrome_metabolico_patron,Sindrome Metabolico Patron,Metabólico,high,0.95,driver,alta,1.0,alta,alta,1.0,dislipidemia,si,si,all,si,"glucose_mg_dl, hdl_mg_dl, waist_cm",,Criterio mayor de Sd. Metabólico. TG >= 150 mg/dL.,"Agrupación operativa de adiposidad central, glucosa y lípidos.",Requiere 3 de 5 criterios.,alta,65.0,3.0,3.0,32.0,35.0,1000.0,si
VM132,tsh_mIU_l,TSH,tiroides,ambos,0.4–4.0,alteracion_metabolismo_folato_b12_homocisteina,Alteracion Metabolismo Folato B12 Homocisteina,Hematínico / nutricional,high,0.1,context,baja,0.4,baja,baja,0.4,contexto_metabolico,no,no,all,si,"vitb12_pg_ml, folate_ng_ml, mcv_fl",,El déficit de B12/folato puede elevar la TSH por hipotiroidismo autoinmune asociado (gastritis atrófica).,Versión ampliada del eje B12/folato.,Buscar anticuerpos anti-TPO.,alta,55.0,2.0,2.0,24.0,0.01,100.0,si
VM187,tsh_mIU_l,TSH,tiroides,ambos,0.4–4.0,disfuncion_tiroidea_periferica,Disfuncion Tiroidea Periferica,Hormonal / saciedad,high,0.95,driver,alta,1.0,alta,alta,1.0,eje_tiroideo,si,no,all,si,"ft4_ng_dl, ldl_mg_dl",,Driver de Hipotiroidismo. TSH > 4.0-4.5. Si FT4 es normal,es Subclínico. Tratar si TSH > 10,síntomas bocio o embarazo. Disfunción tiroidea operativa con reflejo metabólico. TSH > 10 es indicación de tratamiento.,alta,45.0,2.0,1.0,22.0,0.01,100.0,si
VM186,tsh_mIU_l,TSH,tiroides,ambos,0.4–4.0,disfuncion_tiroidea_periferica,Disfuncion Tiroidea Periferica,Hormonal / saciedad,low,0.95,driver,alta,1.0,alta,alta,1.0,eje_tiroideo,si,no,all,si,"ft4_ng_dl, ldl_mg_dl",,Driver de Hipertiroidismo. TSH < 0.4. Si FT4 normal,Subclínico. Riesgo de fibrilación auricular y osteoporosis. Derivar a Endocrino.,Disfunción tiroidea operativa. Confirmar con FT4 y anticuerpos (TSI).,alta,45.0,2.0,1.0,22.0,0.01,100.0,si
VM019,uacr_mg_g,Cociente albúmina/creatinina urinaria (UACR),renal,ambos,0.0–29.0,disfuncion_glucidica,Disfuncion Glucidica,Metabólico,high,0.2,context,baja,0.4,baja,baja,0.4,lesion_microvascular,no,no,all,si,"glucose_mg_dl, hba1c_pct",,Microalbuminuria (UACR 30-300 mg/g). Marcador precoz de nefropatía diabética y daño endotelial sistémico. Indica inicio de IECA/ARA II.,Pérdida de homeostasis glucémica con daño renal.,Control estricto de glucemia y TA.,alta,40.0,2.0,1.0,22.0,5.0,500.0,si
VM173,uacr_mg_g,Cociente albúmina/creatinina urinaria (UACR),renal,ambos,0.0–29.0,retencion_hidrosalina,Retencion Hidrosalina,Renal / volumen,high,0.15,context,baja,0.4,baja,baja,0.4,renal,no,no,all,si,"hct_pct, albumin_g_dl, hb_g_dl",,Proteinuria en contexto de hipervolemia (ICC,IRC).,Patrón compatible con expansión de volumen. Muy inferencial.,media,60.0,2.0,2.0,22.0,5.0,500.0,si
VM037,uacr_mg_g,Cociente albúmina/creatinina urinaria (UACR),renal,ambos,0.0–29.0,riesgo_cardiometabolico_global,Riesgo Cardiometabolico Global,Metabólico,high,0.25,context,media,0.7,baja,baja,0.4,contexto_riesgo,no,no,all,si,"apob_mg_dl, lpa_nmol_l, triglycerides_mg_dl",,La microalbuminuria refleja disfunción endotelial generalizada. Multiplica el riesgo CV.,"Integración de carga lipídica, glucídica, inflamatoria y adiposidad central.",Patrón resumen.,alta,65.0,3.0,2.0,30.0,5.0,500.0,si
VM159,uacr_mg_g,Cociente albúmina/creatinina urinaria (UACR),renal,ambos,0.0–29.0,seguridad_renal,Seguridad renal,Renal / volumen,high,1.0,driver,alta,1.0,alta,alta,1.0,renal,si,no,all,si,"egfr_ml_min_1_73m2, creatinine_mg_dl, urea_mg_dl",,Driver de Enfermedad Renal Crónica (ERC). UACR > 30 mg/g con eGFR < 60 confirma ERC con alto riesgo de progresión. Necesita Nefrología.,"Bloque de vigilancia renal, filtrado y daño renal subclínico.",Control de TA < 130/80 e IECA/ARA II obligatorios.,alta,35.0,2.0,2.0,20.0,5.0,500.0,si
VM045,urea_mg_dl,Urea,renal,ambos,15.0–40.0,carga_hiperuricemica,Carga Hiperuricemica,Metabólico,high,0.2,context,baja,0.4,baja,baja,0.4,renal,no,no,all,si,"uric_acid_mg_dl, egfr_ml_min_1_73m2, insulin_uIU_ml",,Urea elevada por dieta hiperproteica o catabolismo en contexto de AU alto (dieta rica en purinas).,Tendencia a hiperuricemia.,Confirmar con AU y creatinina.,alta,45.0,2.0,2.0,24.0,5.0,150.0,si
VM138,urea_mg_dl,Urea,renal,ambos,15.0–40.0,deficit_proteico_catabolismo,Deficit Proteico Catabolismo,Hematínico / nutricional,high,0.35,support,media,0.7,media,media,0.7,catabolico_masa,no,no,all,si,"albumin_g_dl, creatinine_mg_dl, bmi_kg_m2",,Urea elevada por catabolismo proteico (sangrado digestivo,corticoides,fiebre). A diferencia de la deshidratación aquí la creatinina es normal. Sospecha de baja disponibilidad proteica o mayor catabolismo. Descartar sangrado digestivo si anemia.,alta,50.0,2.0,2.0,22.0,5.0,150.0,si
VM137,urea_mg_dl,Urea,renal,ambos,15.0–40.0,deficit_proteico_catabolismo,Deficit Proteico Catabolismo,Hematínico / nutricional,low,0.35,support,media,0.7,media,media,0.7,catabolico_masa,no,no,all,si,"albumin_g_dl, creatinine_mg_dl, bmi_kg_m2",,Urea baja. Insuficiencia hepática grave (fallo de síntesis) o desnutrición proteica severa. También en embarazo (hemodilución).,Sospecha de baja disponibilidad proteica.,Confirmar con albúmina baja.,alta,50.0,2.0,2.0,22.0,5.0,150.0,si
VM166,urea_mg_dl,Urea,renal,ambos,15.0–40.0,deshidratacion_hemoconcentracion,Deshidratacion Hemoconcentracion,Renal / volumen,high,0.85,driver,alta,1.0,alta,alta,1.0,renal,si,no,all,si,"hct_pct, hb_g_dl, creatinine_mg_dl",,Driver de Deshidratación/Azoemia Pre-Renal. Urea elevada desproporcionadamente respecto a Creatinina (Cociente Urea/Cr > 40:1). Administrar volumen.,Patrón compatible con hemoconcentración.,Confirmar con Hto alto.,media,40.0,2.0,2.0,22.0,5.0,150.0,si
VM192,urea_mg_dl,Urea,renal,ambos,15.0–40.0,estado_anabolico_bajo,Estado Anabolico Bajo,Hormonal / saciedad,low,0.2,context,baja,0.4,baja,baja,0.4,catabolico_masa,no,no,all,si,"creatinine_mg_dl, bmi_kg_m2, albumin_g_dl",,Urea baja por baja ingesta proteica o insuficiencia hepática.,Señal de baja reserva anabólica.,Útil como soporte.,alta,50.0,2.0,2.0,22.0,5.0,150.0,si
VM066,urea_mg_dl,Urea,renal,ambos,15.0–40.0,estado_purinico,Estado Purinico,Metabólico,high,0.15,context,baja,0.4,baja,baja,0.4,renal,no,no,all,si,"uric_acid_mg_dl, egfr_ml_min_1_73m2",,Contexto purínico. Dieta hiperproteica eleva urea y ácido úrico.,Lectura operativa del eje purinas/ácido úrico.,Describe tono úrico/purínico.,alta,55.0,1.0,1.0,18.0,5.0,150.0,si
VM201,urea_mg_dl,Urea,renal,ambos,15.0–40.0,recambio_muscular_lesion,Recambio Muscular Lesion,Muscular / recambio,high,0.15,context,baja,0.4,baja,baja,0.4,catabolico_masa,no,no,all,si,"ast_u_l, hscrp_mg_l, alt_u_l",CK_CPK,Urea elevada por catabolismo muscular (Rabdomiolisis). Sin CK es especulación.,Sospecha de recambio/lesión muscular.,Desactivado.,baja,70.0,2.0,2.0,24.0,5.0,150.0,no
VM158,urea_mg_dl,Urea,renal,ambos,15.0–40.0,seguridad_renal,Seguridad renal,Renal / volumen,high,0.4,support,media,0.7,media,media,0.7,renal,no,no,all,si,"egfr_ml_min_1_73m2, uacr_mg_g, creatinine_mg_dl",,Urea elevada en ERC avanzada. Refleja retención de productos nitrogenados. Causa astenia y anorexia.,"Bloque de vigilancia renal, filtrado y daño renal subclínico.",Confirmar con eGFR bajo.,alta,35.0,2.0,2.0,20.0,5.0,150.0,si
VM044,uric_acid_mg_dl,Ácido úrico,metabolico,ambos,3.5–7.2,carga_hiperuricemica,Carga Hiperuricemica,Metabólico,high,1.0,driver,alta,1.0,alta,alta,1.0,urato,si,no,all,si,"egfr_ml_min_1_73m2, insulin_uIU_ml, triglycerides_mg_dl",,Driver de riesgo metabólico. AU > 6.0 mg/dL en mujer y > 7.0 en hombre se asocia a riesgo CV,renal y HGNA independientemente de la gota.,Tendencia a hiperuricemia por sobreproducción o infraexcreción. Reducir fructosa y alcohol. Considerar Alopurinol si > 9.0 o gota.,alta,45.0,2.0,2.0,24.0,2.5,15.0,si
VM165,uric_acid_mg_dl,Ácido úrico,metabolico,ambos,3.5–7.2,deshidratacion_hemoconcentracion,Deshidratacion Hemoconcentracion,Renal / volumen,high,0.2,context,baja,0.4,baja,baja,0.4,urato,no,no,all,si,"hct_pct, urea_mg_dl, hb_g_dl",,AU elevado por contracción de volumen. Se normaliza al hidratar.,Patrón compatible con hemoconcentración.,Confirmar deshidratación.,media,40.0,2.0,2.0,22.0,2.5,15.0,si
VM065,uric_acid_mg_dl,Ácido úrico,metabolico,ambos,3.5–7.2,estado_purinico,Estado Purinico,Metabólico,high,0.9,driver,alta,1.0,alta,alta,1.0,urato,si,no,all,si,"egfr_ml_min_1_73m2, triglycerides_mg_dl, creatinine_mg_dl",,Driver de estado purínico elevado. Dieta rica en carnes rojas,mariscos,alcohol y fructosa. Causa gota y litiasis renal. Lectura operativa del eje purinas/ácido úrico. Modificación dietética intensiva.,alta,55.0,1.0,1.0,18.0,2.5,15.0,si
VM064,uric_acid_mg_dl,Ácido úrico,metabolico,ambos,3.5–7.2,estado_purinico,Estado Purinico,Metabólico,low,0.9,driver,alta,1.0,alta,alta,1.0,urato,si,no,all,si,"egfr_ml_min_1_73m2, triglycerides_mg_dl, creatinine_mg_dl",,AU bajo (< 2.0 mg/dL). Raro. Descartar tubulopatía proximal (Sd. Fanconi),uso de Alopurinol/Febuxostat o déficit de xantina oxidasa.,Lectura operativa del eje purinas/ácido úrico. Investigar pérdida renal si no hay fármacos.,alta,55.0,1.0,1.0,18.0,2.5,15.0,si
VM093,uric_acid_mg_dl,Ácido úrico,metabolico,ambos,3.5–7.2,estres_oxidativo,Estres Oxidativo,Inflamación / estrés biológico,high,0.15,context,baja,0.4,baja,baja,0.4,metabolico_oxidativo,no,no,all,si,"hscrp_mg_l, ggt_u_l, hba1c_pct",,El AU es un antioxidante extracelular pero pro-oxidante intracelular. Su elevación indica estrés oxidativo.,Señal indirecta de estrés oxidativo.,Concepto de apoyo.,baja,65.0,2.0,2.0,20.0,2.5,15.0,si
VM092,uric_acid_mg_dl,Ácido úrico,metabolico,ambos,3.5–7.2,estres_oxidativo,Estres Oxidativo,Inflamación / estrés biológico,low,0.15,context,baja,0.4,baja,baja,0.4,metabolico_oxidativo,no,no,all,si,"hscrp_mg_l, ggt_u_l, hba1c_pct",,Niveles bajos de AU antioxidante se asocian a mayor estrés oxidativo en algunas enfermedades neurodegenerativas.,Señal indirecta de estrés oxidativo.,No es una diana terapéutica subir el AU.,baja,65.0,2.0,2.0,20.0,2.5,15.0,si
VM007,uric_acid_mg_dl,Ácido úrico,metabolico,ambos,3.5–7.2,insulinorresistencia,Insulinorresistencia,Metabólico,high,0.4,support,media,0.7,media,media,0.7,contexto,no,no,all,si,"glucose_mg_dl, hba1c_pct, insulin_uIU_ml",,La insulina alta reduce la excreción renal de urato. AU alto es un marcador fiable de hiperinsulinemia.,Patrón de hiperinsulinemia compensatoria.,Exigir señal glucémica/insulínica.,alta,45.0,3.0,2.0,28.0,2.5,15.0,si
VM200,uric_acid_mg_dl,Ácido úrico,metabolico,ambos,3.5–7.2,recambio_muscular_lesion,Recambio Muscular Lesion,Muscular / recambio,high,0.15,context,baja,0.4,baja,baja,0.4,lesion_contexto,no,no,all,si,"ast_u_l, hscrp_mg_l, alt_u_l",CK_CPK,AU elevado por recambio celular masivo (lisis tumoral,rabdomiolisis). Sin CK es especulación.,Sospecha de recambio/lesión muscular. Desactivado.,baja,70.0,2.0,2.0,24.0,2.5,15.0,no
VM034,uric_acid_mg_dl,Ácido úrico,metabolico,ambos,3.5–7.2,riesgo_cardiometabolico_global,Riesgo Cardiometabolico Global,Metabólico,high,0.2,context,baja,0.4,baja,baja,0.4,contexto_riesgo,no,no,all,si,"apob_mg_dl, lpa_nmol_l, triglycerides_mg_dl",,AU como marcador de riesgo.,"Integración de carga lipídica, glucídica, inflamatoria y adiposidad central.",Patrón resumen.,alta,65.0,3.0,2.0,30.0,2.5,15.0,si
VM157,uric_acid_mg_dl,Ácido úrico,metabolico,ambos,3.5–7.2,seguridad_renal,Seguridad renal,Renal / volumen,high,0.2,context,baja,0.4,baja,baja,0.4,urato,no,no,all,si,"egfr_ml_min_1_73m2, uacr_mg_g, creatinine_mg_dl",,Nefropatía por uratos. AU alto acelera la progresión de la ERC.,"Bloque de vigilancia renal, filtrado y daño renal subclínico.",Control estricto de AU si eGFR < 60.,alta,35.0,2.0,2.0,20.0,2.5,15.0,si
VM127,vitb12_pg_ml,Vitamina B12,nutricional,ambos,200.0–900.0,alteracion_metabolismo_folato_b12_homocisteina,Alteracion Metabolismo Folato B12 Homocisteina,Hematínico / nutricional,low,0.95,driver,alta,1.0,alta,alta,1.0,vitaminas,si,no,all,si,"folate_ng_ml, mcv_fl, rdw_pct",,Driver de déficit B12. < 200 pg/mL es deficiencia. 200-300 es zona gris (medir MMA y Homocisteína). Causa anemia perniciosa,malabsorción,veganismo. Versión ampliada del eje B12/folato. Tratar con B12 parenteral si hay anemia o síntomas neurológicos.,alta,55.0,2.0,2.0,24.0,150.0,2000.0,si
VM123,vitb12_pg_ml,Vitamina B12,nutricional,ambos,200.0–900.0,eje_b12_folato,Eje B12 Folato,Hematínico / nutricional,low,1.0,driver,alta,1.0,alta,alta,1.0,vitaminas,si,no,all,si,"folate_ng_ml, mcv_fl, hb_g_dl",,Driver del eje vitamínico. Déficit aislado de B12 es más frecuente que de folato en adultos mayores.,Déficit del eje vitamínico B12/folato.,Confirmar con MMA.,alta,45.0,2.0,2.0,22.0,150.0,2000.0,si
VM046,waist_cm,Cintura,metabolico,sexo_especifico,f: 0.0–80.0 | m: 0.0–89.0,carga_hiperuricemica,Carga Hiperuricemica,Metabólico,high,0.2,context,baja,0.4,baja,baja,0.4,metabolico,no,no,all,si,"uric_acid_mg_dl, egfr_ml_min_1_73m2, insulin_uIU_ml",,Obesidad central como causa de hiperuricemia por resistencia insulínica.,Tendencia a hiperuricemia.,Confirmar con AU e insulina.,alta,45.0,2.0,2.0,24.0,50.0,150.0,si
VM060,waist_cm,Cintura,metabolico,sexo_especifico,f: 0.0–80.0 | m: 0.0–89.0,carga_pancreatica_glucidica,Carga Pancreatica Glucidica,Metabólico,high,0.4,support,media,0.7,media,media,0.7,adiposidad,no,no,all,si,"glucose_mg_dl, insulin_uIU_ml, hba1c_pct",,La cintura es el mejor predictor antropométrico de resistencia insulínica y riesgo de DM2.,Sobrecarga de la regulación pancreática de la glucosa.,Medir siempre en paciente con disglucemia.,alta,45.0,2.0,2.0,24.0,50.0,150.0,si
VM018,waist_cm,Cintura,metabolico,sexo_especifico,f: 0.0–80.0 | m: 0.0–89.0,disfuncion_glucidica,Disfuncion Glucidica,Metabólico,high,0.4,support,media,0.7,media,media,0.7,adiposidad,no,no,all,si,"glucose_mg_dl, hba1c_pct",,Obesidad central como causa de DM2.,Pérdida de homeostasis glucémica.,Confirmar con glucemia/HbA1c.,alta,40.0,2.0,1.0,22.0,50.0,150.0,si
VM025,waist_cm,Cintura,metabolico,sexo_especifico,f: 0.0–80.0 | m: 0.0–89.0,dislipidemia_aterogenica,Dislipidemia Aterogenica,Metabólico,high,0.4,support,media,0.7,media,media,0.7,adiposidad,no,no,all,si,"triglycerides_mg_dl, apob_mg_dl, hdl_mg_dl",,La grasa visceral (cintura alta) drena al hígado y causa dislipidemia aterogénica (TG alto,HDL bajo).,"Patrón de TG altos, HDL bajo. Cintura > 88 (M) / 102 (H) es criterio de Sd. Metabólico.",alta,45.0,2.0,2.0,26.0,50.0,150.0,si
VM009,waist_cm,Cintura,metabolico,sexo_especifico,f: 0.0–80.0 | m: 0.0–89.0,insulinorresistencia,Insulinorresistencia,Metabólico,high,0.85,driver,alta,1.0,alta,alta,1.0,adiposidad,si,no,all,si,"glucose_mg_dl, hba1c_pct, insulin_uIU_ml",,Driver de obesidad central. Cintura elevada es criterio diagnóstico y marcador de resistencia insulínica independiente del IMC.,Patrón de hiperinsulinemia compensatoria.,Medir en todos los chequeos.,alta,45.0,3.0,2.0,28.0,50.0,150.0,si
VM180,waist_cm,Cintura,metabolico,sexo_especifico,f: 0.0–80.0 | m: 0.0–89.0,resistencia_leptinica_saciedad,Resistencia Leptinica Saciedad,Hormonal / saciedad,high,0.8,driver,alta,1.0,alta,alta,1.0,adiposidad,si,no,all,si,"bmi_kg_m2, insulin_uIU_ml, triglycerides_mg_dl",,Driver de fenotipo hiperfágico. La cintura alta es el reflejo de la incapacidad de la leptina para frenar el apetito y aumentar el gasto.,Patrón antropométrico-metabólico.,Objetivo principal del tratamiento de obesidad.,alta,60.0,2.0,2.0,24.0,50.0,150.0,si
VM036,waist_cm,Cintura,metabolico,sexo_especifico,f: 0.0–80.0 | m: 0.0–89.0,riesgo_cardiometabolico_global,Riesgo Cardiometabolico Global,Metabólico,high,0.35,support,media,0.7,media,media,0.7,adiposidad,no,no,all,si,"apob_mg_dl, lpa_nmol_l, triglycerides_mg_dl",,Cintura como parte del puzzle.,"Integración de carga lipídica, glucídica, inflamatoria y adiposidad central.",Patrón resumen.,alta,65.0,3.0,2.0,30.0,50.0,150.0,si
VM054,waist_cm,Cintura,metabolico,sexo_especifico,f: 0.0–80.0 | m: 0.0–89.0,sindrome_metabolico_patron,Sindrome Metabolico Patron,Metabólico,high,0.95,driver,alta,1.0,alta,alta,1.0,adiposidad,si,no,all,si,"glucose_mg_dl, triglycerides_mg_dl, hdl_mg_dl",,Criterio obligatorio de Sd. Metabólico según IDF (aunque ATP III lo hace opcional). Cintura > 80 M / > 94 H (Europeo).,"Agrupación operativa de adiposidad central, glucosa y lípidos.",Requiere 3 de 5 criterios.,alta,65.0,3.0,3.0,32.0,50.0,150.0,si
VM079,wbc_x10_3_mm3,Leucocitos,hematologia,ambos,4.0–10.0,activacion_inmune,Activacion Inmune,Inflamación / estrés biológico,high,0.45,support,media,0.7,alta,media,0.7,celular,no,no,all,si,"neut_abs_x10_3_mm3, hscrp_mg_l, lymph_abs_x10_3_mm3",,Leucocitosis (> 10K). Reactante de fase aguda. Diferenciar Neutrofilia (Bacteriana) vs Linfocitosis (Viral). Descartar hemopatía si > 20K persistente.,Activación inmunitaria o patrón leucocitario reactivo.,Correlacionar con PCR y fórmula.,media,55.0,2.0,2.0,24.0,1.0,50.0,si
VM071,wbc_x10_3_mm3,Leucocitos,hematologia,ambos,4.0–10.0,inflamacion,Inflamacion,Inflamación / estrés biológico,high,0.35,support,media,0.7,media,media,0.7,celular,no,no,all,si,"hscrp_mg_l, esr_mm_h, fibrinogen_mg_dl",,Leucocitosis leve en inflamación crónica (obesidad,tabaquismo). Marcador de riesgo CV.,Inflamación sistémica de baja o media intensidad. Controlar factores de riesgo.,alta,40.0,2.0,2.0,25.0,1.0,50.0,si
